Year,sample_date,date,race,name,place,time_m,time_s,avg_yr_time_s,Ratio,range,supershoe_era,frac_year,gender,elevation_gain_m,elevation_loss_m,net_elevation_m,temp_at_start_c,wind_direction,wind_mph,rainy_y_or_n,"stack data, code supershoe_era, weather variables, elevation",
2010,1-Jan,28-Feb,Tokyo,Masakazu Fujiwara,1,2:12:19,7939,7960,1.00503841793677,40,0,2010.16,0,98,134,-36,4,S,6,N,lm(time~year.decimal+year.decimal^2+factor(Race)+factor(Name)+Place+Supershoe_era+weather_controls,
2010,1-Jan,28-Feb,Tokyo,Fujiwara Arata,2,2:12:34,7954,,,,0,2010.16,0,98,134,-36,4,S,6,N,"women's data, lm()",
2010,1-Jan,28-Feb,Tokyo,Atsushi Sato,3,2:12:35,7955,,,,0,2010.16,0,98,134,-36,4,S,6,N,"Nike sponsorship (0,1)",
2010,1-Jan,28-Feb,Tokyo,Yuki Kawauchi,4,2:12:36,7956,,,,0,2010.16,0,98,134,-36,4,S,6,N,,
2010,1-Jan,28-Feb,Tokyo,Tomoya Adachi,5,2:12:46,7966,,,,0,2010.16,0,98,134,-36,4,S,6,N,,
2010,1-Jan,28-Feb,Tokyo,Joseph Muwaniki,6,2:12:53,7973,,,,0,2010.16,0,98,134,-36,4,S,6,N,,
2010,1-Jan,28-Feb,Tokyo,Rachid Kirsi,7,2:12:59,7979,,,,0,2010.16,0,98,134,-36,4,S,6,N,,
2011,1-Jan,27-Feb,Tokyo,Hailu Mekonnen,1,2:07:35,7655,7754,1.02782495101241,213,0,2011.16,0,98,134,-36,8,SW,2,N,lasso regression for robustness,
2011,1-Jan,27-Feb,Tokyo,Paul Biwott,2,2:08:17,7697,,,,0,2011.16,0,98,134,-36,8,SW,2,N,,
2011,1-Jan,27-Feb,Tokyo,Yuki Kawauchi,3,2:08:37,7717,,,,0,2011.16,0,98,134,-36,8,SW,2,N,,
2011,1-Jan,27-Feb,Tokyo,Yoshinori Oda,4,2:09:03,7743,,,,0,2011.16,0,98,134,-36,8,SW,2,N,,
2011,1-Jan,27-Feb,Tokyo,Cyrus Njubi,5,2:09:10,7750,,,,0,2011.16,0,98,134,-36,8,SW,2,N,,
2011,1-Jan,27-Feb,Tokyo,Felix Limo,6,2:10:50,7850,,,,0,2011.16,0,98,134,-36,8,SW,2,N,,
2011,1-Jan,27-Feb,Tokyo,Takaaki Koda,7,2:11:08,7868,,,,0,2011.16,0,98,134,-36,8,SW,2,N,,
2012,1-Jan,26-Feb,Tokyo,Michael Kipyego,1,2:07:37,7657,7699,1.01449653911454,111,0,2012.15,0,98,134,-36,6,SSW,2,N,,
2012,1-Jan,26-Feb,Tokyo,Arata Fujiwara,2,2:07:48,7668,,,,0,2012.15,0,98,134,-36,6,SSW,2,N,,
2012,1-Jan,26-Feb,Tokyo,Stephen Kiprotich,3,2:07:50,7670,,,,0,2012.15,0,98,134,-36,6,SSW,2,N,,
2012,1-Jan,26-Feb,Tokyo,Haile Gebreselassie,4,2:08:17,7697,,,,0,2012.15,0,98,134,-36,6,SSW,2,N,,
2012,1-Jan,26-Feb,Tokyo,Vikto Rothlin,5,2:08:32,7712,,,,0,2012.15,0,98,134,-36,6,SSW,2,N,,
2012,1-Jan,26-Feb,Tokyo,Kazuhiro Maeda,6,2:08:38,7718,,,,0,2012.15,0,98,134,-36,6,SSW,2,N,,
2012,1-Jan,26-Feb,Tokyo,Takayuki Matsumiya,7,2:09:28,7768,,,,0,2012.15,0,98,134,-36,6,SSW,2,N,,
2013,1-Jan,24-Feb,Tokyo,Dennis Kimetto,1,2:06:50,7610,7672,1.01773981603154,135,0,2013.15,0,98,134,-36,6,SE,13,N,,
2013,1-Jan,24-Feb,Tokyo,Michael Kipyego,2,2:06:58,7618,,,,0,2013.15,0,98,134,-36,6,SE,13,N,,
2013,1-Jan,24-Feb,Tokyo,Bernard Kipyego,3,2:07:53,7673,,,,0,2013.15,0,98,134,-36,6,SE,13,N,,
2013,1-Jan,24-Feb,Tokyo,Kazuhiro Maeda,4,2:07:59,7679,,,,0,2013.15,0,98,134,-36,6,SE,13,N,,
2013,1-Jan,24-Feb,Tokyo,James Kwambai,5,2:08:02,7682,,,,0,2013.15,0,98,134,-36,6,SE,13,N,,
2013,1-Jan,24-Feb,Tokyo,Gilbert Kirwa,6,2:08:17,7697,,,,0,2013.15,0,98,134,-36,6,SE,13,N,,
2013,1-Jan,24-Feb,Tokyo,Feyisa Bekele,7,2:09:05,7745,,,,0,2013.15,0,98,134,-36,6,SE,13,N,,
2014,1-Jan,23-Feb,Tokyo,Dickson Chumba,1,2:05:42,7542,7607,1.01564571731636,118,0,2014.14,0,98,134,-36,4,SSE,6,N,,
2014,1-Jan,23-Feb,Tokyo,Tadese Tola,2,2:05:57,7557,,,,0,2014.14,0,98,134,-36,4,SSE,6,N,lm(time~factor(race)+temp_from_optimal+precipitation+elevation),
2014,1-Jan,23-Feb,Tokyo,Sammy Kitwara,3,2:06:30,7590,,,,0,2014.14,0,98,134,-36,4,SSE,6,N,,coef
2014,1-Jan,23-Feb,Tokyo,Michael Kipyego,4,2:06:58,7618,,,,0,2014.14,0,98,134,-36,4,SSE,6,N,,
2014,1-Jan,23-Feb,Tokyo,Peter Kimeli Some,5,2:07:05,7625,,,,0,2014.14,0,98,134,-36,4,SSE,6,N,,
2014,1-Jan,23-Feb,Tokyo,Geoffrey Kipsang,6,2:07:37,7657,,,,0,2014.14,0,98,134,-36,4,SSE,6,N,,
2014,1-Jan,23-Feb,Tokyo,Deressa Chimsa,7,2:07:40,7660,,,,0,2014.14,0,98,134,-36,4,SSE,6,N,,
2015,1-Jan,22-Feb,Tokyo,Endeshaw Negesse,1,2:06:00,7560,7619,1.01309523809524,99,0,2015.14,0,98,134,-36,4,SSE,7,N,Tokyo,-35
2015,1-Jan,22-Feb,Tokyo,Stephen Kiprotich,2,2:06:33,7593,,,,0,2015.14,0,98,134,-36,4,SSE,7,N,Boston,22
2015,1-Jan,22-Feb,Tokyo,Dickson Chumba,3,2:06:34,7594,,,,0,2015.14,0,98,134,-36,4,SSE,7,N,,
2015,1-Jan,22-Feb,Tokyo,Shumi Dechasa,4,2:07:20,7640,,,,0,2015.14,0,98,134,-36,4,SSE,7,N,,
2015,1-Jan,22-Feb,Tokyo,Peter Kimeli Some,5,2:07:22,7642,,,,0,2015.14,0,98,134,-36,4,SSE,7,N,,
2015,1-Jan,22-Feb,Tokyo,Markos Geneti,6,2:07:25,7645,,,,0,2015.14,0,98,134,-36,4,SSE,7,N,,
2015,1-Jan,22-Feb,Tokyo,Masato Imai,7,2:07:39,7659,,,,0,2015.14,0,98,134,-36,4,SSE,7,N,,
2016,1-Jan,28-Feb,Tokyo,Feyisa Lilesa,1,2:06:56,7616,7690,1.02717962184874,207,0,2016.16,0,98,134,-36,12,ESE,3,N,,
2016,1-Jan,28-Feb,Tokyo,B. Kiprop Kipyego,2,2:07:33,7653,,,,0,2016.16,0,98,134,-36,12,ESE,3,N,,
2016,1-Jan,28-Feb,Tokyo,Dickson Chumba,3,2:07:34,7654,,,,0,2016.16,0,98,134,-36,12,ESE,3,N,,
2016,1-Jan,28-Feb,Tokyo,Stephen Kiprotich,4,2:07:46,7666,,,,0,2016.16,0,98,134,-36,12,ESE,3,N,,
2016,1-Jan,28-Feb,Tokyo,Abel Kirui,5,2:08:06,7686,,,,0,2016.16,0,98,134,-36,12,ESE,3,N,,
2016,1-Jan,28-Feb,Tokyo,Eliud Kiptanui,6,2:08:55,7735,,,,0,2016.16,0,98,134,-36,12,ESE,3,N,,
2016,1-Jan,28-Feb,Tokyo,Emmanuel Mutai,7,2:10:23,7823,,,,0,2016.16,0,98,134,-36,12,ESE,3,N,,
2017,1-Jan,26-Feb,Tokyo,Wilson Kipsang,1,2:03:58,7438,7603,1.0344178542619,256,1,2017.15,0,60,98,-38,10,SE,7,N,,
2017,1-Jan,26-Feb,Tokyo,Gideon Kipketer,2,2:05:51,7551,,,,1,2017.15,0,60,98,-38,10,SE,7,N,,
2017,1-Jan,26-Feb,Tokyo,Dickson Chumba,3,2:06:25,7585,,,,1,2017.15,0,60,98,-38,10,SE,7,N,,
2017,1-Jan,26-Feb,Tokyo,Evans Chebet,4,2:06:42,7602,,,,1,2017.15,0,60,98,-38,10,SE,7,N,,
2017,1-Jan,26-Feb,Tokyo,Alfers Lagat,5,2:07:39,7659,,,,1,2017.15,0,60,98,-38,10,SE,7,N,,
2017,1-Jan,26-Feb,Tokyo,Bernard Kipyego,6,2:08:10,7690,,,,1,2017.15,0,60,98,-38,10,SE,7,N,,
2017,1-Jan,26-Feb,Tokyo,Yohanes Ghebregergish,7,2:08:14,7694,,,,1,2017.15,0,60,98,-38,10,SE,7,N,,
2018,1-Jan,25-Feb,Tokyo,Dickson Chumba,1,2:05:30,7530,7608,1.02098273572377,158,1,2018.15,0,60,98,-38,6,SW,7,N,,
2018,1-Jan,25-Feb,Tokyo,Yuta Shitara,2,2:06:11,7571,,,,1,2018.15,0,60,98,-38,6,SW,7,N,,
2018,1-Jan,25-Feb,Tokyo,Amos Kipruto,3,2:06:33,7593,,,,1,2018.15,0,60,98,-38,6,SW,7,N,,
2018,1-Jan,25-Feb,Tokyo,Gideon Kipketer,4,2:06:47,7607,,,,1,2018.15,0,60,98,-38,6,SW,7,N,,
2018,1-Jan,25-Feb,Tokyo,Hiroto Inoue,5,2:06:54,7614,,,,1,2018.15,0,60,98,-38,6,SW,7,N,,
2018,1-Jan,25-Feb,Tokyo,Feyisa Lilesa,6,2:07:30,7650,,,,1,2018.15,0,60,98,-38,6,SW,7,N,,
2018,1-Jan,25-Feb,Tokyo,Ryo Kiname,7,2:08:08,7688,,,,1,2018.15,0,60,98,-38,6,SW,7,N,,
2019,1-Jan,3-Mar,Tokyo,Birhanu Legese,1,2:04:48,7488,7727,1.04634081196581,347,1,2019.17,0,60,98,-38,6,SE,9,Y,,
2019,1-Jan,3-Mar,Tokyo,Bedan Karoki,2,2:06:48,7608,,,,1,2019.17,0,60,98,-38,6,SE,9,Y,,
2019,1-Jan,3-Mar,Tokyo,Dickson Chumba,3,2:08:44,7724,,,,1,2019.17,0,60,98,-38,6,SE,9,Y,,
2019,1-Jan,3-Mar,Tokyo,Simon Kariuki,4,2:09:41,7781,,,,1,2019.17,0,60,98,-38,6,SE,9,Y,,
2019,1-Jan,3-Mar,Tokyo,Kensuke Horio,5,2:10:21,7821,,,,1,2019.17,0,60,98,-38,6,SE,9,Y,,
2019,1-Jan,3-Mar,Tokyo,Masato Imai,6,2:10:30,7830,,,,1,2019.17,0,60,98,-38,6,SE,9,Y,,
2019,1-Jan,3-Mar,Tokyo,Takuya Fujikawa,7,2:10:35,7835,,,,1,2019.17,0,60,98,-38,6,SE,9,Y,,
2020,1-Jan,1-Mar,Tokyo,Birhanu Legese,1,2:04:15,7455,7529,1.01716968477532,128,1,2020.17,0,60,98,-38,12,NNW,6,N,,
2020,1-Jan,1-Mar,Tokyo,Bashir Abdi,2,2:04:49,7489,,,,1,2020.17,0,60,98,-38,12,NNW,6,N,,
2020,1-Jan,1-Mar,Tokyo,Sisay Lemma,3,2:04:51,7491,,,,1,2020.17,0,60,98,-38,12,NNW,6,N,,
2020,1-Jan,1-Mar,Tokyo,Suguru Osako,4,2:05:29,7529,,,,1,2020.17,0,60,98,-38,12,NNW,6,N,,
2020,1-Jan,1-Mar,Tokyo,Bedan Karoki,5,2:06:15,7575,,,,1,2020.17,0,60,98,-38,12,NNW,6,N,,
2020,1-Jan,1-Mar,Tokyo,El Hassan El Abbassi,6,2:06:22,7582,,,,1,2020.17,0,60,98,-38,12,NNW,6,N,,
2020,1-Jan,1-Mar,Tokyo,Asefa Mengstu,7,2:06:23,7583,,,,1,2020.17,0,60,98,-38,12,NNW,6,N,,
2022,1-Jan,6-Mar,Tokyo,Eliud Kipchoge,1,2:02:40,7360,7507,1.03845108695652,283,1,2022.18,0,60,98,-38,6,SW,7,N,,
2022,1-Jan,6-Mar,Tokyo,Amos Kipruto,2,2:03:13,7393,,,,1,2022.18,0,60,98,-38,6,SW,7,N,,
2022,1-Jan,6-Mar,Tokyo,Tamirat Tola,3,2:04:14,7454,,,,1,2022.18,0,60,98,-38,6,SW,7,N,,
2022,1-Jan,6-Mar,Tokyo,Kengo Suzuki,4,2:05:28,7528,,,,1,2022.18,0,60,98,-38,6,SW,7,N,,
2022,1-Jan,6-Mar,Tokyo,Shura Kitata,5,2:06:12,7572,,,,1,2022.18,0,60,98,-38,6,SW,7,N,,
2022,1-Jan,6-Mar,Tokyo,Leban Korir,6,2:06:37,7597,,,,1,2022.18,0,60,98,-38,6,SW,7,N,,
2022,1-Jan,6-Mar,Tokyo,Kenya Sonata,7,2:07:23,7643,,,,1,2022.18,0,60,98,-38,6,SW,7,N,,
2023,1-Jan,5-Mar,Tokyo,Deso Gelimisa,1,2:05:22,7522,7532,1.00385535761765,29,1,2023.18,0,60,98,-38,9,SW,8,N,,
2023,1-Jan,5-Mar,Tokyo,Mohamed Esa,2,2:05:22,7522,,,,1,2023.18,0,60,98,-38,9,SW,8,N,,
2023,1-Jan,5-Mar,Tokyo,Tsegaye Getachew,3,2:05:25,7525,,,,1,2023.18,0,60,98,-38,9,SW,8,N,,
2023,1-Jan,5-Mar,Tokyo,Titus Kirputo,4,2:05:32,7532,,,,1,2023.18,0,60,98,-38,9,SW,8,N,,
2023,1-Jan,5-Mar,Tokyo,Cameron Levins,5,2:05:36,7536,,,,1,2023.18,0,60,98,-38,9,SW,8,N,,
2023,1-Jan,5-Mar,Tokyo,Tadu Abate,6,2:05:38,7538,,,,1,2023.18,0,60,98,-38,9,SW,8,N,,
2023,1-Jan,5-Mar,Tokyo,Ichitaka Yamashita,7,2:05:51,7551,,,,1,2023.18,0,60,98,-38,9,SW,8,N,,
2024,1-Jan,3-Mar,Tokyo,Benson Kipruto,1,2:02:16,7336,7496,1.03421483097056,251,1,2024.17,0,60,98,-38,8,NW,5,N,,
2024,1-Jan,3-Mar,Tokyo,Timothy Kiplagat,2,2:02:55,7375,,,,1,2024.17,0,60,98,-38,8,NW,5,N,,
2024,1-Jan,3-Mar,Tokyo,Vincent Kipkemoi,3,2:04:18,7458,,,,1,2024.17,0,60,98,-38,8,NW,5,N,,
2024,1-Jan,3-Mar,Tokyo,Hailemaryam Kiros,4,2:05:43,7543,,,,1,2024.17,0,60,98,-38,8,NW,5,N,,
2024,1-Jan,3-Mar,Tokyo,Tsegaye Getachew,5,2:06:25,7585,,,,1,2024.17,0,60,98,-38,8,NW,5,N,,
2024,1-Jan,3-Mar,Tokyo,Bethwel Kibet,6,2:06:26,7586,,,,1,2024.17,0,60,98,-38,8,NW,5,N,,
2024,1-Jan,3-Mar,Tokyo,Haimro Alame,7,2:06:27,7587,,,,1,2024.17,0,60,98,-38,8,NW,5,N,,
2010,1-Jan,19-Apr,Boston,Robert Kiprono Cheruiyot,1,2:05:52,7552,7737,1.04713983050847,356,0,2010.30,0,248,388,-140,12,ENE,5,N,,
2010,1-Jan,19-Apr,Boston,Tekeste Kebede,2,2:07:23,7643,,,,0,2010.30,0,248,388,-140,12,ENE,5,N,,
2010,1-Jan,19-Apr,Boston,Deriba Merga,3,2:08:39,7719,,,,0,2010.30,0,248,388,-140,12,ENE,5,N,,
2010,1-Jan,19-Apr,Boston,Ryan Hall,4,2:08:41,7721,,,,0,2010.30,0,248,388,-140,12,ENE,5,N,,
2010,1-Jan,19-Apr,Boston,Meb Keflezighi,5,2:09:26,7766,,,,0,2010.30,0,248,388,-140,12,ENE,5,N,,
2010,1-Jan,19-Apr,Boston,Gashaw Asfaw,6,2:10:53,7853,,,,0,2010.30,0,248,388,-140,12,ENE,5,N,,
2010,1-Jan,19-Apr,Boston,John Komen,7,2:11:48,7908,,,,0,2010.30,0,248,388,-140,12,ENE,5,N,,
2011,1-Jan,18-Apr,Boston,Geoffrey Mutai,1,2:03:02,7382,7509,1.03359523164454,248,0,2011.30,0,248,388,-140,12,WSW,20,N,,
2011,1-Jan,18-Apr,Boston,Moses Mosop,2,2:03:06,7386,,,,0,2011.30,0,248,388,-140,12,WSW,20,N,,
2011,1-Jan,18-Apr,Boston,Gebregziabher Gebremariam,3,2:04:53,7493,,,,0,2011.30,0,248,388,-140,12,WSW,20,N,,
2011,1-Jan,18-Apr,Boston,Ryan Hall,4,2:04:58,7498,,,,0,2011.30,0,248,388,-140,12,WSW,20,N,,
2011,1-Jan,18-Apr,Boston,Abreham Cherkos,5,2:06:13,7573,,,,0,2011.30,0,248,388,-140,12,WSW,20,N,,
2011,1-Jan,18-Apr,Boston,Robert Kiprono Cheruiyot,6,2:06:43,7603,,,,0,2011.30,0,248,388,-140,12,WSW,20,N,,
2011,1-Jan,18-Apr,Boston,Philip Sanga,7,2:07:10,7630,,,,0,2011.30,0,248,388,-140,12,WSW,20,N,,
2012,1-Jan,16-Apr,Boston,Wesley Korir,1,2:12:40,7960,8062,1.02989949748744,238,0,2012.29,0,248,388,-140,24,SW,9,N,,
2012,1-Jan,16-Apr,Boston,Levy Matebo,2,2:13:06,7986,,,,0,2012.29,0,248,388,-140,24,SW,9,N,,
2012,1-Jan,16-Apr,Boston,Bernard Kipyego,3,2:13:13,7993,,,,0,2012.29,0,248,388,-140,24,SW,9,N,,
2012,1-Jan,16-Apr,Boston,Jason Hartmann,4,2:14:31,8071,,,,0,2012.29,0,248,388,-140,24,SW,9,N,,
2012,1-Jan,16-Apr,Boston,Wilson Chibet,5,2:14:56,8096,,,,0,2012.29,0,248,388,-140,24,SW,9,N,,
2012,1-Jan,16-Apr,Boston,Laban Korir,6,2:15:29,8129,,,,0,2012.29,0,248,388,-140,24,SW,9,N,,
2012,1-Jan,16-Apr,Boston,Michel Butler,7,2:16:38,8198,,,,0,2012.29,0,248,388,-140,24,SW,9,N,,
2013,1-Jan,15-Apr,Boston,Lelisa Desisa,1,2:10:22,7822,7910,1.02889286627461,226,0,2013.29,0,248,388,-140,9,N,3,N,,
2013,1-Jan,15-Apr,Boston,Micah kogo,2,2:10:27,7827,,,,0,2013.29,0,248,388,-140,9,N,3,N,,
2013,1-Jan,15-Apr,Boston,Gebregziabher Gebremariam,3,2:10:28,7828,,,,0,2013.29,0,248,388,-140,9,N,3,N,,
2013,1-Jan,15-Apr,Boston,Jason Hartmann,4,2:12:12,7932,,,,0,2013.29,0,248,388,-140,9,N,3,N,,
2013,1-Jan,15-Apr,Boston,Wesley Korir,5,2:12:30,7950,,,,0,2013.29,0,248,388,-140,9,N,3,N,,
2013,1-Jan,15-Apr,Boston,Markos Geneti,6,2:12:44,7964,,,,0,2013.29,0,248,388,-140,9,N,3,N,,
2013,1-Jan,15-Apr,Boston,Dickson Chumba,7,2:14:08,8048,,,,0,2013.29,0,248,388,-140,9,N,3,N,,
2014,1-Jan,21-Apr,Boston,Meb Keflezighi,1,2:08:37,7717,7787,1.0246209666969,190,0,2014.31,0,248,388,-140,10,WSW,10,N,,
2014,1-Jan,21-Apr,Boston,Wilson Chebet,2,2:08:48,7728,,,,0,2014.31,0,248,388,-140,10,WSW,10,N,,
2014,1-Jan,21-Apr,Boston,Frankline Chepkwony,3,2:08:50,7730,,,,0,2014.31,0,248,388,-140,10,WSW,10,N,,
2014,1-Jan,21-Apr,Boston,Vitaliy Shafar,4,2:09:37,7777,,,,0,2014.31,0,248,388,-140,10,WSW,10,N,,
2014,1-Jan,21-Apr,Boston,Markos Geneti,5,2:09:50,7790,,,,0,2014.31,0,248,388,-140,10,WSW,10,N,,
2014,1-Jan,21-Apr,Boston,Joel Kimurer,6,2:11:03,7863,,,,0,2014.31,0,248,388,-140,10,WSW,10,N,,
2014,1-Jan,21-Apr,Boston,Nicholas Arciniaga,7,2:11:47,7907,,,,0,2014.31,0,248,388,-140,10,WSW,10,N,,
2015,1-Jan,20-Apr,Boston,Lelisa Desisa,1,2:09:17,7757,7828,1.01585664561042,123,0,2015.30,0,248,388,-140,5,E,12,Y,,
2015,1-Jan,20-Apr,Boston,Yamane Adhane Tsegay,2,2:09:48,7788,,,,0,2015.30,0,248,388,-140,5,E,12,Y,,
2015,1-Jan,20-Apr,Boston,Wilson Chebet,3,2:10:22,7822,,,,0,2015.30,0,248,388,-140,5,E,12,Y,,
2015,1-Jan,20-Apr,Boston,Bernard Kipyego,4,2:10:47,7847,,,,0,2015.30,0,248,388,-140,5,E,12,Y,,
2015,1-Jan,20-Apr,Boston,Wesley Korir,5,2:10:49,7849,,,,0,2015.30,0,248,388,-140,5,E,12,Y,,
2015,1-Jan,20-Apr,Boston,Frankline Chepkwony,6,2:10:52,7852,,,,0,2015.30,0,248,388,-140,5,E,12,Y,,
2015,1-Jan,20-Apr,Boston,Dathan Ritzenehin,7,2:11:20,7880,,,,0,2015.30,0,248,388,-140,5,E,12,Y,,
2016,1-Jan,18-Apr,Boston,Lemi Berhanu Hayle,1,2:12:45,7965,8089,1.03101067168864,247,0,2016.30,0,248,388,-140,19,ENE,8,N,,
2016,1-Jan,18-Apr,Boston,Lelisa Desisa,2,2:13:32,8012,,,,0,2016.30,0,248,388,-140,19,ENE,8,N,,
2016,1-Jan,18-Apr,Boston,Yamane Adhane Tsegay,3,2:14:02,8042,,,,0,2016.30,0,248,388,-140,19,ENE,8,N,,
2016,1-Jan,18-Apr,Boston,Wesley Korir,4,2:14:05,8045,,,,0,2016.30,0,248,388,-140,19,ENE,8,N,,
2016,1-Jan,18-Apr,Boston,Paul Lonyangata,5,2:15:45,8145,,,,0,2016.30,0,248,388,-140,19,ENE,8,N,,
2016,1-Jan,18-Apr,Boston,Sammy Kitwara,6,2:16:43,8203,,,,0,2016.30,0,248,388,-140,19,ENE,8,N,,
2016,1-Jan,18-Apr,Boston,Stephen Chebogut,7,2:16:52,8212,,,,0,2016.30,0,248,388,-140,19,ENE,8,N,,
2017,1-Jan,17-Apr,Boston,Geoffrey Kirui,1,2:09:37,7777,7892,1.02815995885303,219,1,2017.29,0,248,388,-140,22,WNW,17,N,,
2017,1-Jan,17-Apr,Boston,Galen Rupp,2,2:09:58,7798,,,,1,2017.29,0,248,388,-140,22,WNW,17,N,,
2017,1-Jan,17-Apr,Boston,Suguru Osako,3,2:10:28,7828,,,,1,2017.29,0,248,388,-140,22,WNW,17,N,,
2017,1-Jan,17-Apr,Boston,Shadrack Biwott,4,2:12:08,7928,,,,1,2017.29,0,248,388,-140,22,WNW,17,N,,
2017,1-Jan,17-Apr,Boston,Wilson Chebet,5,2:12:35,7955,,,,1,2017.29,0,248,388,-140,22,WNW,17,N,,
2017,1-Jan,17-Apr,Boston,Abdi Abdirahman,6,2:12:45,7965,,,,1,2017.29,0,248,388,-140,22,WNW,17,N,,
2017,1-Jan,17-Apr,Boston,Augustus Maiyo,7,2:13:16,7996,,,,1,2017.29,0,248,388,-140,22,WNW,17,N,,
2018,1-Jan,16-Apr,Boston,Yuki Kawauchi,1,2:15:58,8158,8373,1.05368962981123,438,1,2018.29,0,248,388,-140,6,NE,14,Y,,
2018,1-Jan,16-Apr,Boston,Geoffrey Kirui,2,2:18:23,8303,,,,1,2018.29,0,248,388,-140,6,NE,14,Y,,
2018,1-Jan,16-Apr,Boston,Shadrack Biwott,3,2:18:35,8315,,,,1,2018.29,0,248,388,-140,6,NE,14,Y,,
2018,1-Jan,16-Apr,Boston,Tyler Pennel,4,2:18:57,8337,,,,1,2018.29,0,248,388,-140,6,NE,14,Y,,
2018,1-Jan,16-Apr,Boston,Andrew Bumbalough,5,2:19:52,8392,,,,1,2018.29,0,248,388,-140,6,NE,14,Y,,
2018,1-Jan,16-Apr,Boston,Scott Smith,6,2:21:47,8507,,,,1,2018.29,0,248,388,-140,6,NE,14,Y,,
2018,1-Jan,16-Apr,Boston,Abdi Nageeye,7,2:23:16,8596,,,,1,2018.29,0,248,388,-140,6,NE,14,Y,,
2019,1-Jan,15-Apr,Boston,Lawrence Cherono,1,2:07:57,7677,7714,1.00937866354045,72,1,2019.29,0,248,388,-140,14,SSE,5,Y,,
2019,1-Jan,15-Apr,Boston,Lelisa Desisa,2,2:07:59,7679,,,,1,2019.29,0,248,388,-140,14,SSE,5,Y,,
2019,1-Jan,15-Apr,Boston,Kenneth Kipkemoi,3,2:08:07,7687,,,,1,2019.29,0,248,388,-140,14,SSE,5,Y,,
2019,1-Jan,15-Apr,Boston,Felix Kandie,4,2:08:54,7734,,,,1,2019.29,0,248,388,-140,14,SSE,5,Y,,
2019,1-Jan,15-Apr,Boston,Geoffrey Kirui,5,2:08:55,7735,,,,1,2019.29,0,248,388,-140,14,SSE,5,Y,,
2019,1-Jan,15-Apr,Boston,Philemon Rono,6,2:08:57,7737,,,,1,2019.29,0,248,388,-140,14,SSE,5,Y,,
2019,1-Jan,15-Apr,Boston,Scott Fauble,7,2:09:09,7749,,,,1,2019.29,0,248,388,-140,14,SSE,5,Y,,
2021,1-Jan,11-Oct,Boston,Benson Kipruto,1,2:09:51,7791,7849,1.01219355666795,95,1,2021.78,0,248,388,-140,16,NE,6,N,,
2021,1-Jan,11-Oct,Boston,Lemi Berhanu,2,2:10:37,7837,,,,1,2021.78,0,248,388,-140,16,NE,6,N,,
2021,1-Jan,11-Oct,Boston,Jemal Yimer,3,2:10:38,7838,,,,1,2021.78,0,248,388,-140,16,NE,6,N,,
2021,1-Jan,11-Oct,Boston,Tsedat Ayana,4,2:10:47,7847,,,,1,2021.78,0,248,388,-140,16,NE,6,N,,
2021,1-Jan,11-Oct,Boston,Leonard Bersoton,5,2:11:11,7871,,,,1,2021.78,0,248,388,-140,16,NE,6,N,,
2021,1-Jan,11-Oct,Boston,Bayelign Teshager,6,2:11:16,7876,,,,1,2021.78,0,248,388,-140,16,NE,6,N,,
2021,1-Jan,11-Oct,Boston,Colin Bennie,7,2:11:26,7886,,,,1,2021.78,0,248,388,-140,16,NE,6,N,,
2022,1-Jan,18-Apr,Boston,Evans Chebet,1,2:06:51,7611,7680,1.01589804230719,121,1,2022.30,0,248,388,-140,8,NE,6,N,,
2022,1-Jan,18-Apr,Boston,Lawrence Cherono,2,2:07:21,7641,,,,1,2022.30,0,248,388,-140,8,NE,6,N,,
2022,1-Jan,18-Apr,Boston,Benson Kipruto,3,2:07:27,7647,,,,1,2022.30,0,248,388,-140,8,NE,6,N,,
2022,1-Jan,18-Apr,Boston,Gabriel Geay,4,2:07:53,7673,,,,1,2022.30,0,248,388,-140,8,NE,6,N,,
2022,1-Jan,18-Apr,Boston,Eric Kiptanui,5,2:08:47,7727,,,,1,2022.30,0,248,388,-140,8,NE,6,N,,
2022,1-Jan,18-Apr,Boston,Albert Korir,6,2:08:50,7730,,,,1,2022.30,0,248,388,-140,8,NE,6,N,,
2022,1-Jan,18-Apr,Boston,Scott Fauble,7,2:08:52,7732,,,,1,2022.30,0,248,388,-140,8,NE,6,N,,
2023,1-Jan,17-Apr,Boston,Evans Chebet,1,2:05:54,7554,7661,1.03044744506222,230,1,2023.29,0,248,388,-140,9,ENE,9,N,,
2023,1-Jan,17-Apr,Boston,Gabriel Geay,2,2:06:04,7564,,,,1,2023.29,0,248,388,-140,9,ENE,9,N,,
2023,1-Jan,17-Apr,Boston,Benson Kipruto,3,2:06:06,7566,,,,1,2023.29,0,248,388,-140,9,ENE,9,N,,
2023,1-Jan,17-Apr,Boston,Albert Korir,4,2:08:01,7681,,,,1,2023.29,0,248,388,-140,9,ENE,9,N,,
2023,1-Jan,17-Apr,Boston,Zouhair Talbi,5,2:08:35,7715,,,,1,2023.29,0,248,388,-140,9,ENE,9,N,,
2023,1-Jan,17-Apr,Boston,Eliud Kipchoge,6,2:09:23,7763,,,,1,2023.29,0,248,388,-140,9,ENE,9,N,,
2023,1-Jan,17-Apr,Boston,Scott Fauble,7,2:09:44,7784,,,,1,2023.29,0,248,388,-140,9,ENE,9,N,,
2024,1-Jan,15-Apr,Boston,Sisay Lemma,1,2:06:17,7577,7665,1.02850732479873,216,1,2024.29,0,248,388,-140,13,ESE,5,N,,
2024,1-Jan,15-Apr,Boston,Mohamed Esa,2,2:06:58,7618,,,,1,2024.29,0,248,388,-140,13,ESE,5,N,,
2024,1-Jan,15-Apr,Boston,Evans Chebet,3,2:07:22,7642,,,,1,2024.29,0,248,388,-140,13,ESE,5,N,,
2024,1-Jan,15-Apr,Boston,John Korir,4,2:07:40,7660,,,,1,2024.29,0,248,388,-140,13,ESE,5,N,,
2024,1-Jan,15-Apr,Boston,Albert Korir,5,2:07:47,7667,,,,1,2024.29,0,248,388,-140,13,ESE,5,N,,
2024,1-Jan,15-Apr,Boston,Isaac Mpofu,6,2:08:17,7697,,,,1,2024.29,0,248,388,-140,13,ESE,5,N,,
2024,1-Jan,15-Apr,Boston,Cj Albertson,7,2:09:53,7793,,,,1,2024.29,0,248,388,-140,13,ESE,5,N,,
2010,1-Jan,25-Apr,London,Tsegaye Kebede,1,2:05:19,7519,7672,1.05373054927517,404,0,2010.32,0,127,161,-34,12,NE,5,N,,
2010,1-Jan,25-Apr,London,Emmanuel Mutai,2,2:06:23,7583,,,,0,2010.32,0,127,161,-34,12,NE,5,N,,
2010,1-Jan,25-Apr,London,Jaouad Gharib ,3,2:06:55,7615,,,,0,2010.32,0,127,161,-34,12,NE,5,N,,
2010,1-Jan,25-Apr,London,Abderrahime Bouramdane,4,2:07:33,7653,,,,0,2010.32,0,127,161,-34,12,NE,5,N,,
2010,1-Jan,25-Apr,London,Abel Kirui,5,2:08:04,7684,,,,0,2010.32,0,127,161,-34,12,NE,5,N,,
2010,1-Jan,25-Apr,London,Marilson Gomes dos Santos,6,2:08:46,7726,,,,0,2010.32,0,127,161,-34,12,NE,5,N,,
2010,1-Jan,25-Apr,London,Zersenay Tadese,7,2:12:03,7923,,,,0,2010.32,0,127,161,-34,12,NE,5,N,,
2011,1-Jan,17-Apr,London,Emmanuel Mutai,1,2:04:40,7480,7609,1.03235294117647,242,0,2011.29,0,127,161,-34,14,SW,2,N,,
2011,1-Jan,17-Apr,London,Martin Lel,2,2:05:45,7545,,,,0,2011.29,0,127,161,-34,14,SW,2,N,,
2011,1-Jan,17-Apr,London,Patrick Makau,3,2:05:45,7545,,,,0,2011.29,0,127,161,-34,14,SW,2,N,,
2011,1-Jan,17-Apr,London,Marilson Gomes dos Santos,4,2:06:34,7594,,,,0,2011.29,0,127,161,-34,14,SW,2,N,,
2011,1-Jan,17-Apr,London,Tsegaye Kebede,5,2:07:48,7668,,,,0,2011.29,0,127,161,-34,14,SW,2,N,,
2011,1-Jan,17-Apr,London,Jaouad Gharib ,6,2:08:26,7706,,,,0,2011.29,0,127,161,-34,14,SW,2,N,,
2011,1-Jan,17-Apr,London,Abderrahime Bouramdane,7,2:08:42,7722,,,,0,2011.29,0,127,161,-34,14,SW,2,N,,
2012,1-Jan,22-Apr,London,Wilson Kipsang,1,2:04:44,7484,7627,1.02632282202031,197,0,2012.31,0,127,161,-34,11,E,10,N,,
2012,1-Jan,22-Apr,London,Marton Lel,2,2:06:51,7611,,,,0,2012.31,0,127,161,-34,11,E,10,N,,
2012,1-Jan,22-Apr,London,Tsegaye Kebede,3,2:06:52,7612,,,,0,2012.31,0,127,161,-34,11,E,10,N,,
2012,1-Jan,22-Apr,London,Adil Annani,4,2:07:43,7663,,,,0,2012.31,0,127,161,-34,11,E,10,N,,
2012,1-Jan,22-Apr,London,Jaouad Gharib ,5,2:07:44,7664,,,,0,2012.31,0,127,161,-34,11,E,10,N,,
2012,1-Jan,22-Apr,London,Abel Kirui,6,2:07:56,7676,,,,0,2012.31,0,127,161,-34,11,E,10,N,,
2012,1-Jan,22-Apr,London,Emmanuel Mutai,7,2:08:01,7681,,,,0,2012.31,0,127,161,-34,11,E,10,N,,
2013,1-Jan,21-Apr,London,Tsegaye Kebede,1,2:06:04,7564,7642,1.01824431517715,138,0,2013.31,0,127,161,-34,9,E,5,N,,
2013,1-Jan,21-Apr,London,Emmanuel Mutai,2,2:06:33,7593,,,,0,2013.31,0,127,161,-34,9,E,5,N,,
2013,1-Jan,21-Apr,London,Ayele Abshero,3,2:06:57,7617,,,,0,2013.31,0,127,161,-34,9,E,5,N,,
2013,1-Jan,21-Apr,London,Feyisa Lilesa,4,2:07:46,7666,,,,0,2013.31,0,127,161,-34,9,E,5,N,,
2013,1-Jan,21-Apr,London,Wilson Kipsang,5,2:07:47,7667,,,,0,2013.31,0,127,161,-34,9,E,5,N,,
2013,1-Jan,21-Apr,London,Stephen Kiprotich,6,2:08:05,7685,,,,0,2013.31,0,127,161,-34,9,E,5,N,,
2013,1-Jan,21-Apr,London,Yared Asmeron,7,2:08:22,7702,,,,0,2013.31,0,127,161,-34,9,E,5,N,,
2014,1-Jan,13-Apr,London,Wilson Kipsang,1,2:04:29,7469,7604,1.03079394831972,230,0,2014.28,0,127,161,-34,11,SW,9,N,,
2014,1-Jan,13-Apr,London,Stanley Biwott,2,2:04:55,7495,,,,0,2014.28,0,127,161,-34,11,SW,9,N,,
2014,1-Jan,13-Apr,London,Tsegaye Kebede,3,2:06:30,7590,,,,0,2014.28,0,127,161,-34,11,SW,9,N,,
2014,1-Jan,13-Apr,London,Ayele Abshero,4,2:06:31,7591,,,,0,2014.28,0,127,161,-34,11,SW,9,N,,
2014,1-Jan,13-Apr,London,Tsegaye Mekonnen,5,2:08:06,7686,,,,0,2014.28,0,127,161,-34,11,SW,9,N,,
2014,1-Jan,13-Apr,London,Geoffrey Mutai,6,2:08:18,7698,,,,0,2014.28,0,127,161,-34,11,SW,9,N,,
2014,1-Jan,13-Apr,London,Emmanuel Mutai,7,2:08:19,7699,,,,0,2014.28,0,127,161,-34,11,SW,9,N,,
2015,1-Jan,26-Apr,London,Eliud Kipchoge,1,2:04:42,7482,7599,1.03889334402566,291,0,2015.32,0,127,161,-34,8,SW,11,N,,
2015,1-Jan,26-Apr,London,Wilson Kipsang,2,2:04:47,7487,,,,0,2015.32,0,127,161,-34,8,SW,11,N,,
2015,1-Jan,26-Apr,London,Dennis Kimetto,3,2:05:50,7550,,,,0,2015.32,0,127,161,-34,8,SW,11,N,,
2015,1-Jan,26-Apr,London,Stanley Biwott,4,2:06:41,7601,,,,0,2015.32,0,127,161,-34,8,SW,11,N,,
2015,1-Jan,26-Apr,London,Tilahun Regassa,5,2:07:16,7636,,,,0,2015.32,0,127,161,-34,8,SW,11,N,,
2015,1-Jan,26-Apr,London,Samuel Kitwara,6,2:07:43,7663,,,,0,2015.32,0,127,161,-34,8,SW,11,N,,
2015,1-Jan,26-Apr,London,Javier Guerra,7,2:09:33,7773,,,,0,2015.32,0,127,161,-34,8,SW,11,N,,
2016,1-Jan,24-Apr,London,Eliud Kipchoge,1,2:03:05,7385,7626,1.062288422478,460,0,2016.31,0,127,161,-34,7,SSE,11,N,,
2016,1-Jan,24-Apr,London,Stanley Biwott,2,2:03:51,7431,,,,0,2016.31,0,127,161,-34,7,SSE,11,N,,
2016,1-Jan,24-Apr,London,Kenenisa Bekele,3,2:06:36,7596,,,,0,2016.31,0,127,161,-34,7,SSE,11,N,,
2016,1-Jan,24-Apr,London,Ghirmay Ghebreslassie,4,2:07:46,7666,,,,0,2016.31,0,127,161,-34,7,SSE,11,N,,
2016,1-Jan,24-Apr,London,Wilson Kipsang,5,2:07:52,7672,,,,0,2016.31,0,127,161,-34,7,SSE,11,N,,
2016,1-Jan,24-Apr,London,Tilahun Regassa,6,2:09:47,7787,,,,0,2016.31,0,127,161,-34,7,SSE,11,N,,
2016,1-Jan,24-Apr,London,Sisay Lemma,7,2:10:45,7845,,,,0,2016.31,0,127,161,-34,7,SSE,11,N,,
2017,1-Jan,23-Apr,London,Daniel Wanjiru,1,2:05:48,7548,7683,1.03391626921039,256,1,2017.31,0,127,161,-34,12,NNE,7,N,,
2017,1-Jan,23-Apr,London,Kenenisa Bekele,2,2:05:57,7557,,,,1,2017.31,0,127,161,-34,12,NNE,7,N,,
2017,1-Jan,23-Apr,London,Bedan Karoki,3,2:07:41,7661,,,,1,2017.31,0,127,161,-34,12,NNE,7,N,,
2017,1-Jan,23-Apr,London,Abel Kirui,4,2:07:45,7665,,,,1,2017.31,0,127,161,-34,12,NNE,7,N,,
2017,1-Jan,23-Apr,London,Alphonce Simbu,5,2:09:10,7750,,,,1,2017.31,0,127,161,-34,12,NNE,7,N,,
2017,1-Jan,23-Apr,London,Ghirmay Ghebreslassie,6,2:09:57,7797,,,,1,2017.31,0,127,161,-34,12,NNE,7,N,,
2017,1-Jan,23-Apr,London,Asefa Mengstu,7,2:10:04,7804,,,,1,2017.31,0,127,161,-34,12,NNE,7,N,,
2018,1-Jan,22-Apr,London,Eliud Kipchoge,1,2:04:17,7457,7624,1.04130347324661,308,1,2018.31,0,127,161,-34,19,NE,12,N,,
2018,1-Jan,22-Apr,London,Tola Shura Kitata,2,2:04:49,7489,,,,1,2018.31,0,127,161,-34,19,NE,12,N,,
2018,1-Jan,22-Apr,London,Mo Farah,3,2:06:21,7581,,,,1,2018.31,0,127,161,-34,19,NE,12,N,,
2018,1-Jan,22-Apr,London,Abel Kirui,4,2:07:07,7627,,,,1,2018.31,0,127,161,-34,19,NE,12,N,,
2018,1-Jan,22-Apr,London,Bedan Karoki,5,2:08:34,7714,,,,1,2018.31,0,127,161,-34,19,NE,12,N,,
2018,1-Jan,22-Apr,London,Kenenisa Bekele,6,2:08:53,7733,,,,1,2018.31,0,127,161,-34,19,NE,12,N,,
2018,1-Jan,22-Apr,London,Lawrence Cherono,7,2:09:25,7765,,,,1,2018.31,0,127,161,-34,19,NE,12,N,,
2019,1-Jan,28-Apr,London,Eliud Kipchoge,1,2:02:37,7357,7487,1.03615604186489,266,1,2019.33,0,127,161,-34,11,SE,12,N,,
2019,1-Jan,28-Apr,London,Moniset Geremew,2,2:02:55,7375,,,,1,2019.33,0,127,161,-34,11,SE,12,N,,
2019,1-Jan,28-Apr,London,Mule Wasihun,3,2:03:16,7396,,,,1,2019.33,0,127,161,-34,11,SE,12,N,,
2019,1-Jan,28-Apr,London,Tola Shura Kitata,4,2:05:01,7501,,,,1,2019.33,0,127,161,-34,11,SE,12,N,,
2019,1-Jan,28-Apr,London,Mo Farah,5,2:05:39,7539,,,,1,2019.33,0,127,161,-34,11,SE,12,N,,
2019,1-Jan,28-Apr,London,Tamirat Tola,6,2:06:57,7617,,,,1,2019.33,0,127,161,-34,11,SE,12,N,,
2019,1-Jan,28-Apr,London,Bashir Abdi,7,2:07:03,7623,,,,1,2019.33,0,127,161,-34,11,SE,12,N,,
2020,1-Jan,4-Oct,London,Shura Kitata,1,2:05:41,7541,7566,1.00808911284975,61,1,2020.76,0,127,161,-34,10,NE,15,N,,
2020,1-Jan,4-Oct,London,Vincent Kipkemoi,2,2:05:42,7542,,,,1,2020.76,0,127,161,-34,10,NE,15,N,,
2020,1-Jan,4-Oct,London,Sisay Lemma,3,2:05:45,7545,,,,1,2020.76,0,127,161,-34,10,NE,15,N,,
2020,1-Jan,4-Oct,London,Moniset Geremew,4,2:06:04,7564,,,,1,2020.76,0,127,161,-34,10,NE,15,N,,
2020,1-Jan,4-Oct,London,Mule Wasihun,5,2:06:08,7568,,,,1,2020.76,0,127,161,-34,10,NE,15,N,,
2020,1-Jan,4-Oct,London,Tamirat Tola,6,2:06:41,7601,,,,1,2020.76,0,127,161,-34,10,NE,15,N,,
2020,1-Jan,4-Oct,London,Benson Kipruto,7,2:06:42,7602,,,,1,2020.76,0,127,161,-34,10,NE,15,N,,
2021,1-Jan,3-Oct,London,Sisay Lemma,1,2:04:01,7441,7593,1.07216771939255,537,1,2021.76,0,127,161,-34,12,NE,6,N,,
2021,1-Jan,3-Oct,London,Vincent Kipchumba,2,2:04:28,7468,,,,1,2021.76,0,127,161,-34,12,NE,6,N,,
2021,1-Jan,3-Oct,London,Moniset Geremew,3,2:04:41,7481,,,,1,2021.76,0,127,161,-34,12,NE,6,N,,
2021,1-Jan,3-Oct,London,Evans Chebet,4,2:05:43,7543,,,,1,2021.76,0,127,161,-34,12,NE,6,N,,
2021,1-Jan,3-Oct,London,Birhanu Legese,5,2:06:10,7570,,,,1,2021.76,0,127,161,-34,12,NE,6,N,,
2021,1-Jan,3-Oct,London,Shura Kitata,6,2:07:51,7671,,,,1,2021.76,0,127,161,-34,12,NE,6,N,,
2021,1-Jan,3-Oct,London,Philip Sesemann,7,2:12:58,7978,,,,1,2021.76,0,127,161,-34,12,NE,6,N,,
2022,1-Jan,2-Oct,London,Amos Kipruto,1,2:04:39,7479,7544,1.02232918839417,167,1,2022.75,0,127,161,-34,14,ESE,7,Y,,
2022,1-Jan,2-Oct,London,Leul Gebresilase,2,2:05:12,7512,,,,1,2022.75,0,127,161,-34,14,ESE,7,Y,,
2022,1-Jan,2-Oct,London,Bashir Abdi,3,2:05:19,7519,,,,1,2022.75,0,127,161,-34,14,ESE,7,Y,,
2022,1-Jan,2-Oct,London,Kinde Atanaw,4,2:05:27,7527,,,,1,2022.75,0,127,161,-34,14,ESE,7,Y,,
2022,1-Jan,2-Oct,London,Kenenisa Bekele,5,2:05:53,7553,,,,1,2022.75,0,127,161,-34,14,ESE,7,Y,,
2022,1-Jan,2-Oct,London,Birhanu Legese,6,2:06:11,7571,,,,1,2022.75,0,127,161,-34,14,ESE,7,Y,,
2022,1-Jan,2-Oct,London,Sisay Lemma,7,2:07:26,7646,,,,1,2022.75,0,127,161,-34,14,ESE,7,Y,,
2023,1-Jan,23-Apr,London,Kelvin Kiptum,1,2:01:25,7285,7557,1.07330130404942,534,1,2023.31,0,127,161,-34,12,NE,7,N,,
2023,1-Jan,23-Apr,London,Geoffrey Kamworor,2,2:04:23,7463,,,,1,2023.31,0,127,161,-34,12,NE,7,N,,
2023,1-Jan,23-Apr,London,Tamirat Tola,3,2:04:59,7499,,,,1,2023.31,0,127,161,-34,12,NE,7,N,,
2023,1-Jan,23-Apr,London,Leul Gebresilase,4,2:05:45,7545,,,,1,2023.31,0,127,161,-34,12,NE,7,N,,
2023,1-Jan,23-Apr,London,Seifu Tura Abdiwak,5,2:06:38,7598,,,,1,2023.31,0,127,161,-34,12,NE,7,N,,
2023,1-Jan,23-Apr,London,Emile Cairess,6,2:08:07,7687,,,,1,2023.31,0,127,161,-34,12,NE,7,N,,
2023,1-Jan,23-Apr,London,Brett Robinson,7,2:10:19,7819,,,,1,2023.31,0,127,161,-34,12,NE,7,N,,
2024,1-Jan,21-Apr,London,Alexander Mutiso Munyao,1,2:04:01,7441,7620,1.04824620346728,359,1,2024.31,0,127,161,-34,8,SSW,12,N,,
2024,1-Jan,21-Apr,London,Kenenisa Bekele,2,2:04:15,7455,,,,1,2024.31,0,127,161,-34,8,SSW,12,N,,
2024,1-Jan,21-Apr,London,Emile Cairess,3,2:06:46,7606,,,,1,2024.31,0,127,161,-34,8,SSW,12,N,,
2024,1-Jan,21-Apr,London,Mahamed Mahamed,4,2:07:05,7625,,,,1,2024.31,0,127,161,-34,8,SSW,12,N,,
2024,1-Jan,21-Apr,London,Hassan Chadi,5,2:07:30,7650,,,,1,2024.31,0,127,161,-34,8,SSW,12,N,,
2024,1-Jan,21-Apr,London,Henok Tesfay,6,2:09:22,7762,,,,1,2024.31,0,127,161,-34,8,SSW,12,N,,
2024,1-Jan,21-Apr,London,Hendrik Pfeifer,7,2:10:00,7800,,,,1,2024.31,0,127,161,-34,8,SSW,12,N,,
2010,1-Jan,26-Sep,Berlin,Patrick Makau,1,2:05:08,7508,7628,1.03409696323921,256,0,2010.74,0,73,79,-6,11,E,7,Y,,
2010,1-Jan,26-Sep,Berlin,Geoffrey Mutai,2,2:05:10,7510,,,,0,2010.74,0,73,79,-6,11,E,7,Y,,
2010,1-Jan,26-Sep,Berlin,Bazu Worku,3,2:05:25,7525,,,,0,2010.74,0,73,79,-6,11,E,7,Y,,
2010,1-Jan,26-Sep,Berlin,Yemane Tsegay,4,2:07:52,7672,,,,0,2010.74,0,73,79,-6,11,E,7,Y,,
2010,1-Jan,26-Sep,Berlin,Eliud Kiptanui,5,2:08:05,7685,,,,0,2010.74,0,73,79,-6,11,E,7,Y,,
2010,1-Jan,26-Sep,Berlin,Bernard Kipyego,6,2:08:50,7730,,,,0,2010.74,0,73,79,-6,11,E,7,Y,,
2010,1-Jan,26-Sep,Berlin,Tadese Abraham,7,2:09:24,7764,,,,0,2010.74,0,73,79,-6,11,E,7,Y,,
2011,1-Jan,25-Sep,Berlin,Patrick Makau,1,2:03:38,7418,7800,1.08034510649771,596,0,2011.73,0,73,79,-6,14,NW,6,N,,
2011,1-Jan,25-Sep,Berlin,Stephen Kwelio Chemlany,2,2:07:55,7675,,,,0,2011.73,0,73,79,-6,14,NW,6,N,,
2011,1-Jan,25-Sep,Berlin,Edwin Kimaiyo,3,2:09:50,7790,,,,0,2011.73,0,73,79,-6,14,NW,6,N,,
2011,1-Jan,25-Sep,Berlin,Felix Limo,4,2:10:38,7838,,,,0,2011.73,0,73,79,-6,14,NW,6,N,,
2011,1-Jan,25-Sep,Berlin,Scott Overall,5,2:10:55,7855,,,,0,2011.73,0,73,79,-6,14,NW,6,N,,
2011,1-Jan,25-Sep,Berlin,Ricardo Serrano,6,2:13:32,8012,,,,0,2011.73,0,73,79,-6,14,NW,6,N,,
2011,1-Jan,25-Sep,Berlin,Pedro Nimo,7,2:13:34,8014,,,,0,2011.73,0,73,79,-6,14,NW,6,N,,
2012,1-Jan,30-Sep,Berlin,Geoffrey Mutai,1,2:04:15,7455,7628,1.04077800134138,304,0,2012.75,0,73,79,-6,12,E,11,N,,
2012,1-Jan,30-Sep,Berlin,Dennis Kimetto,2,2:04:16,7456,,,,0,2012.75,0,73,79,-6,12,E,11,N,,
2012,1-Jan,30-Sep,Berlin,Geoffrey Kipsang,3,2:06:12,7572,,,,0,2012.75,0,73,79,-6,12,E,11,N,,
2012,1-Jan,30-Sep,Berlin,Nicholas Kamakya,4,2:08:28,7708,,,,0,2012.75,0,73,79,-6,12,E,11,N,,
2012,1-Jan,30-Sep,Berlin,Josphat Keiyo,5,2:08:41,7721,,,,0,2012.75,0,73,79,-6,12,E,11,N,,
2012,1-Jan,30-Sep,Berlin,Josphat Jepkopol,6,2:08:44,7724,,,,0,2012.75,0,73,79,-6,12,E,11,N,,
2012,1-Jan,30-Sep,Berlin,Jonathan Maiyo,7,2:09:19,7759,,,,0,2012.75,0,73,79,-6,12,E,11,N,,
2013,1-Jan,29-Sep,Berlin,Wilson Kipsang,1,2:03:23,7403,7631,1.05686883695799,421,0,2013.74,0,73,79,-6,9,WSW,10,N,,
2013,1-Jan,29-Sep,Berlin,Eliud Kipchoge,2,2:04:05,7445,,,,0,2013.74,0,73,79,-6,9,WSW,10,N,,
2013,1-Jan,29-Sep,Berlin,Geoffrey Kipsang,3,2:06:26,7586,,,,0,2013.74,0,73,79,-6,9,WSW,10,N,,
2013,1-Jan,29-Sep,Berlin,Stephen Kwelio Chemlany,4,2:07:44,7664,,,,0,2013.74,0,73,79,-6,9,WSW,10,N,,
2013,1-Jan,29-Sep,Berlin,Maswai Kiptanui,5,2:08:52,7732,,,,0,2013.74,0,73,79,-6,9,WSW,10,N,,
2013,1-Jan,29-Sep,Berlin,Marilson Gomes dos Santos,6,2:09:24,7764,,,,0,2013.74,0,73,79,-6,9,WSW,10,N,,
2013,1-Jan,29-Sep,Berlin,Suehiro Ishikawa,7,2:10:24,7824,,,,0,2013.74,0,73,79,-6,9,WSW,10,N,,
2014,1-Jan,28-Sep,Berlin,Dennis Kimetto,1,2:02:57,7377,7563,1.04554697031314,336,0,2014.74,0,73,79,-6,14,N,2,N,,
2014,1-Jan,28-Sep,Berlin,Emmanuel Mutai,2,2:03:13,7393,,,,0,2014.74,0,73,79,-6,14,N,2,N,,
2014,1-Jan,28-Sep,Berlin,Abera Kuma,3,2:05:56,7556,,,,0,2014.74,0,73,79,-6,14,N,2,N,,
2014,1-Jan,28-Sep,Berlin,Geoffrey Kamworor,4,2:06:39,7599,,,,0,2014.74,0,73,79,-6,14,N,2,N,,
2014,1-Jan,28-Sep,Berlin,Eliud Kiptanui,5,2:07:28,7648,,,,0,2014.74,0,73,79,-6,14,N,2,N,,
2014,1-Jan,28-Sep,Berlin,Frankline Chepkwony,6,2:07:35,7655,,,,0,2014.74,0,73,79,-6,14,N,2,N,,
2014,1-Jan,28-Sep,Berlin,Levy Matebo,7,2:08:33,7713,,,,0,2014.74,0,73,79,-6,14,N,2,N,,
2015,1-Jan,27-Sep,Berlin,Eliud Kipchoge,1,2:04:00,7440,7667,1.05255376344086,391,0,2015.74,0,73,79,-6,11,SSE,5,N,,
2015,1-Jan,27-Sep,Berlin,Eliud Kiptanui,2,2:05:21,7521,,,,0,2015.74,0,73,79,-6,11,SSE,5,N,,
2015,1-Jan,27-Sep,Berlin,Feyisa Lilesa,3,2:06:57,7617,,,,0,2015.74,0,73,79,-6,11,SSE,5,N,,
2015,1-Jan,27-Sep,Berlin,Emmanuel Mutai,4,2:07:46,7666,,,,0,2015.74,0,73,79,-6,11,SSE,5,N,,
2015,1-Jan,27-Sep,Berlin,Geoffrey Mutai,5,2:09:29,7769,,,,0,2015.74,0,73,79,-6,11,SSE,5,N,,
2015,1-Jan,27-Sep,Berlin,Reid Coolsaet,6,2:10:28,7828,,,,0,2015.74,0,73,79,-6,11,SSE,5,N,,
2015,1-Jan,27-Sep,Berlin,Koen Naert,7,2:10:31,7831,,,,0,2015.74,0,73,79,-6,11,SSE,5,N,,
2016,1-Jan,25-Sep,Berlin,Kenenisa Bekele,1,2:03:03,7383,7592,1.05458485710416,403,1,2016.73,0,73,79,-6,14,NW,6,N,,
2016,1-Jan,25-Sep,Berlin,Wilson Kipsang,2,2:03:13,7393,,,,1,2016.73,0,73,79,-6,14,NW,6,N,,
2016,1-Jan,25-Sep,Berlin,Evans Chebet,3,2:05:31,7531,,,,1,2016.73,0,73,79,-6,14,NW,6,N,,
2016,1-Jan,25-Sep,Berlin,Sisay Lemma,4,2:06:56,7616,,,,1,2016.73,0,73,79,-6,14,NW,6,N,,
2016,1-Jan,25-Sep,Berlin,Eliud Kiptanui,5,2:07:47,7667,,,,1,2016.73,0,73,79,-6,14,NW,6,N,,
2016,1-Jan,25-Sep,Berlin,Geoffrey Ronoh,6,2:09:29,7769,,,,1,2016.73,0,73,79,-6,14,NW,6,N,,
2016,1-Jan,25-Sep,Berlin,Alfers Lagat,7,2:09:46,7786,,,,1,2016.73,0,73,79,-6,14,NW,6,N,,
2017,1-Jan,24-Sep,Berlin,Eliud Kipchoge,1,2:03:32,7412,7597,1.06368051807879,472,1,2017.73,0,73,79,-6,14,WSW,7,Y,,
2017,1-Jan,24-Sep,Berlin,Guye Adola,2,2:03:46,7426,,,,1,2017.73,0,73,79,-6,14,WSW,7,Y,,
2017,1-Jan,24-Sep,Berlin,Moniset Geremew,3,2:06:09,7569,,,,1,2017.73,0,73,79,-6,14,WSW,7,Y,,
2017,1-Jan,24-Sep,Berlin,Felix Kandie,4,2:06:13,7573,,,,1,2017.73,0,73,79,-6,14,WSW,7,Y,,
2017,1-Jan,24-Sep,Berlin,Vincent Kipruto,5,2:06:14,7574,,,,1,2017.73,0,73,79,-6,14,WSW,7,Y,,
2017,1-Jan,24-Sep,Berlin,Yuta Shitara,6,2:09:03,7743,,,,1,2017.73,0,73,79,-6,14,WSW,7,Y,,
2017,1-Jan,24-Sep,Berlin,Hiroaki Sano,7,2:11:24,7884,,,,1,2017.73,0,73,79,-6,14,WSW,7,Y,,
2018,1-Jan,16-Sep,Berlin,Eliud Kipchoge,1,2:01:39,7299,7638,1.06809151938622,497,1,2018.71,0,73,79,-6,16,NNE,6,N,,
2018,1-Jan,16-Sep,Berlin,Amos Kipruto,2,2:06:23,7583,,,,1,2018.71,0,73,79,-6,16,NNE,6,N,,
2018,1-Jan,16-Sep,Berlin,Wilson Kipsang,3,2:06:48,7608,,,,1,2018.71,0,73,79,-6,16,NNE,6,N,,
2018,1-Jan,16-Sep,Berlin,Shogo Nakamura,4,2:08:16,7696,,,,1,2018.71,0,73,79,-6,16,NNE,6,N,,
2018,1-Jan,16-Sep,Berlin,Zersenay Tadese,5,2:08:46,7726,,,,1,2018.71,0,73,79,-6,16,NNE,6,N,,
2018,1-Jan,16-Sep,Berlin,Yuki Sato,6,2:09:18,7758,,,,1,2018.71,0,73,79,-6,16,NNE,6,N,,
2018,1-Jan,16-Sep,Berlin,Okubay Tsegay,7,2:09:56,7796,,,,1,2018.71,0,73,79,-6,16,NNE,6,N,,
2019,1-Jan,29-Sep,Berlin,Kenenisa Bekele,1,2:01:41,7301,7542,1.05574578824819,407,1,2019.74,0,73,79,-6,14,NE,11,Y,,
2019,1-Jan,29-Sep,Berlin,Birhanu Legese,2,2:02:48,7368,,,,1,2019.74,0,73,79,-6,14,NE,11,Y,,
2019,1-Jan,29-Sep,Berlin,Sisay Lemma,3,2:03:36,7416,,,,1,2019.74,0,73,79,-6,14,NE,11,Y,,
2019,1-Jan,29-Sep,Berlin,Jonathan Korir,4,2:06:45,7605,,,,1,2019.74,0,73,79,-6,14,NE,11,Y,,
2019,1-Jan,29-Sep,Berlin,Felix Kandie,5,2:08:07,7687,,,,1,2019.74,0,73,79,-6,14,NE,11,Y,,
2019,1-Jan,29-Sep,Berlin,Yohanes Ghebregergish,6,2:08:26,7706,,,,1,2019.74,0,73,79,-6,14,NE,11,Y,,
2019,1-Jan,29-Sep,Berlin,Guojian Dong,7,2:08:28,7708,,,,1,2019.74,0,73,79,-6,14,NE,11,Y,,
2021,1-Jan,26-Sep,Berlin,Guye Adola,1,2:05:45,7545,7680,1.0388336646786,293,1,2021.74,0,73,79,-6,18,ESE,8,N,,
2021,1-Jan,26-Sep,Berlin,Bethwel Yegon,2,2:06:14,7574,,,,1,2021.74,0,73,79,-6,18,ESE,8,N,,
2021,1-Jan,26-Sep,Berlin,Kenenisa Bekele,3,2:06:47,7607,,,,1,2021.74,0,73,79,-6,18,ESE,8,N,,
2021,1-Jan,26-Sep,Berlin,Tadu Abate,4,2:08:24,7704,,,,1,2021.74,0,73,79,-6,18,ESE,8,N,,
2021,1-Jan,26-Sep,Berlin,Cosmas Muteti,5,2:08:45,7725,,,,1,2021.74,0,73,79,-6,18,ESE,8,N,,
2021,1-Jan,26-Sep,Berlin,Philemon Kacheran,6,2:09:29,7769,,,,1,2021.74,0,73,79,-6,18,ESE,8,N,,
2021,1-Jan,26-Sep,Berlin,Okbay Tsegay,7,2:10:38,7838,,,,1,2021.74,0,73,79,-6,18,ESE,8,N,,
2022,1-Jan,25-Sep,Berlin,Eliud Kipchoge,1,2:01:09,7269,7555,1.05021323428257,365,1,2022.73,0,73,79,-6,13,N,2,N,,
2022,1-Jan,25-Sep,Berlin,Mark Korir,2,2:05:58,7558,,,,1,2022.73,0,73,79,-6,13,N,2,N,,
2022,1-Jan,25-Sep,Berlin,Tadu Abate,3,2:06:28,7588,,,,1,2022.73,0,73,79,-6,13,N,2,N,,
2022,1-Jan,25-Sep,Berlin,Andamlak Belihu,4,2:06:40,7600,,,,1,2022.73,0,73,79,-6,13,N,2,N,,
2022,1-Jan,25-Sep,Berlin,Abel Kipchumba,5,2:06:49,7609,,,,1,2022.73,0,73,79,-6,13,N,2,N,,
2022,1-Jan,25-Sep,Berlin,Limenih Getachew,6,2:07:07,7627,,,,1,2022.73,0,73,79,-6,13,N,2,N,,
2022,1-Jan,25-Sep,Berlin,Kenya Sonota,7,2:07:14,7634,,,,1,2022.73,0,73,79,-6,13,N,2,N,,
2023,1-Jan,24-Sep,Berlin,Eliud Kipchoge,1,2:02:42,7362,7439,1.0172507470796,127,1,2023.73,0,73,79,-6,13,E,5,N,,
2023,1-Jan,24-Sep,Berlin,Vincent Kipkemoi,2,2:03:13,7393,,,,1,2023.73,0,73,79,-6,13,E,5,N,,
2023,1-Jan,24-Sep,Berlin,Tadese Takele,3,2:03:24,7404,,,,1,2023.73,0,73,79,-6,13,E,5,N,,
2023,1-Jan,24-Sep,Berlin,Ronld Korir,4,2:04:22,7462,,,,1,2023.73,0,73,79,-6,13,E,5,N,,
2023,1-Jan,24-Sep,Berlin,Haftu Teklu,5,2:04:42,7482,,,,1,2023.73,0,73,79,-6,13,E,5,N,,
2023,1-Jan,24-Sep,Berlin,Andualem Belay Shiferaw,6,2:04:44,7484,,,,1,2023.73,0,73,79,-6,13,E,5,N,,
2023,1-Jan,24-Sep,Berlin,Amos Kipruto,7,2:04:49,7489,,,,1,2023.73,0,73,79,-6,13,E,5,N,,
2024,1-Jan,29-Sep,Berlin,Milkesa Mengesha,1,2:03:17,7397,7447,1.01568203325673,116,1,2024.74,0,73,79,-6,9,E,8,N,,
2024,1-Jan,29-Sep,Berlin,Cybrian Kotut,2,2:03:22,7402,,,,1,2024.74,0,73,79,-6,9,E,8,N,,
2024,1-Jan,29-Sep,Berlin,Haymanot Alew,3,2:03:31,7411,,,,1,2024.74,0,73,79,-6,9,E,8,N,,
2024,1-Jan,29-Sep,Berlin,Stephen Kiprop,4,2:03:37,7417,,,,1,2024.74,0,73,79,-6,9,E,8,N,,
2024,1-Jan,29-Sep,Berlin,Hailemariyam Kiros,5,2:04:35,7475,,,,1,2024.74,0,73,79,-6,9,E,8,N,,
2024,1-Jan,29-Sep,Berlin,Yohei Ikeda,6,2:05:12,7512,,,,1,2024.74,0,73,79,-6,9,E,8,N,,
2024,1-Jan,29-Sep,Berlin,Tadese Takele,7,2:05:13,7513,,,,1,2024.74,0,73,79,-6,9,E,8,N,,
2010,1-Jan,10-Oct,Chicago,Sammy Wanjiru,1,2:06:24,7584,7709,1.03481012658228,264,0,2010.78,0,74,73,1,16,SE,1,N,,
2010,1-Jan,10-Oct,Chicago,Tsegaye Kebede,2,2:06:43,7603,,,,0,2010.78,0,74,73,1,16,SE,1,N,,
2010,1-Jan,10-Oct,Chicago,Feyisa Lilesa,3,2:08:10,7690,,,,0,2010.78,0,74,73,1,16,SE,1,N,,
2010,1-Jan,10-Oct,Chicago,Wesley Korir,4,2:08:44,7724,,,,0,2010.78,0,74,73,1,16,SE,1,N,,
2010,1-Jan,10-Oct,Chicago,Vincent Kipruto,5,2:09:08,7748,,,,0,2010.78,0,74,73,1,16,SE,1,N,,
2010,1-Jan,10-Oct,Chicago,Robert Kiprono Cheruiyot,6,2:09:28,7768,,,,0,2010.78,0,74,73,1,16,SE,1,N,,
2010,1-Jan,10-Oct,Chicago,Laban Moiben,7,2:10:48,7848,,,,0,2010.78,0,74,73,1,16,SE,1,N,,
2011,1-Jan,9-Oct,Chicago,Moses Mosop,1,2:05:37,7537,7690,1.05280615629561,398,0,2011.77,0,74,73,1,15,W,2,N,,
2011,1-Jan,9-Oct,Chicago,Wesley Korir,2,2:06:15,7575,,,,0,2011.77,0,74,73,1,15,W,2,N,,
2011,1-Jan,9-Oct,Chicago,Bernard Kipyego,3,2:06:29,7589,,,,0,2011.77,0,74,73,1,15,W,2,N,,
2011,1-Jan,9-Oct,Chicago,Bekana Daba,4,2:07:59,7679,,,,0,2011.77,0,74,73,1,15,W,2,N,,
2011,1-Jan,9-Oct,Chicago,Ryan Hall,5,2:08:04,7684,,,,0,2011.77,0,74,73,1,15,W,2,N,,
2011,1-Jan,9-Oct,Chicago,Evans Cheruiyot,6,2:10:29,7829,,,,0,2011.77,0,74,73,1,15,W,2,N,,
2011,1-Jan,9-Oct,Chicago,Kouji Goyaka,7,2:12:15,7935,,,,0,2011.77,0,74,73,1,15,W,2,N,,
2012,1-Jan,7-Oct,Chicago,Tsegaye Kebede,1,2:04:38,7478,7553,1.02246589997325,168,0,2012.77,0,74,73,1,4,SE,7,N,,
2012,1-Jan,7-Oct,Chicago,Feyisa Lilesa,2,2:04:52,7492,,,,0,2012.77,0,74,73,1,4,SE,7,N,,
2012,1-Jan,7-Oct,Chicago,Tilahun Regassa,3,2:05:27,7527,,,,0,2012.77,0,74,73,1,4,SE,7,N,,
2012,1-Jan,7-Oct,Chicago,Sammy Kitwara,4,2:05:54,7554,,,,0,2012.77,0,74,73,1,4,SE,7,N,,
2012,1-Jan,7-Oct,Chicago,Wesley Korir,5,2:06:13,7573,,,,0,2012.77,0,74,73,1,4,SE,7,N,,
2012,1-Jan,7-Oct,Chicago,Bernard Kipyego,6,2:06:40,7600,,,,0,2012.77,0,74,73,1,4,SE,7,N,,
2012,1-Jan,7-Oct,Chicago,Sammy Ndungu,7,2:07:26,7646,,,,0,2012.77,0,74,73,1,4,SE,7,N,,
2013,1-Jan,13-Oct,Chicago,Dennis Kimetto,1,2:03:45,7425,7630,1.05441077441077,404,0,2013.78,0,74,73,1,9,SE,4,N,,
2013,1-Jan,13-Oct,Chicago,Emmanuel Mutai,2,2:03:52,7432,,,,0,2013.78,0,74,73,1,9,SE,4,N,,
2013,1-Jan,13-Oct,Chicago,Sammy Kitwara,3,2:05:16,7516,,,,0,2013.78,0,74,73,1,9,SE,4,N,,
2013,1-Jan,13-Oct,Chicago,Micah Kogo,4,2:06:56,7616,,,,0,2013.78,0,74,73,1,9,SE,4,N,,
2013,1-Jan,13-Oct,Chicago,Dathan Ritzenehin,5,2:09:45,7785,,,,0,2013.78,0,74,73,1,9,SE,4,N,,
2013,1-Jan,13-Oct,Chicago,Ayele Abshero,6,2:10:10,7810,,,,0,2013.78,0,74,73,1,9,SE,4,N,,
2013,1-Jan,13-Oct,Chicago,Hiroaki Sano,7,2:10:29,7829,,,,0,2013.78,0,74,73,1,9,SE,4,N,,
2014,1-Jan,12-Oct,Chicago,Eliud Kipchoge,1,2:04:11,7451,7606,1.05247617769427,391,0,2014.78,0,74,73,1,7,NW,6,N,,
2014,1-Jan,12-Oct,Chicago,Sammy Kitwara,2,2:04:28,7468,,,,0,2014.78,0,74,73,1,7,NW,6,N,,
2014,1-Jan,12-Oct,Chicago,Dickson Chumba,3,2:04:32,7472,,,,0,2014.78,0,74,73,1,7,NW,6,N,,
2014,1-Jan,12-Oct,Chicago,Kenenisa Bekele,4,2:05:51,7551,,,,0,2014.78,0,74,73,1,7,NW,6,N,,
2014,1-Jan,12-Oct,Chicago,Bernard Koech,5,2:08:30,7710,,,,0,2014.78,0,74,73,1,7,NW,6,N,,
2014,1-Jan,12-Oct,Chicago,Ghirmay Ghebreslassie,6,2:09:08,7748,,,,0,2014.78,0,74,73,1,7,NW,6,N,,
2014,1-Jan,12-Oct,Chicago,Lani Rutto,7,2:10:42,7842,,,,0,2014.78,0,74,73,1,7,NW,6,N,,
2015,1-Jan,11-Oct,Chicago,Dickson Chumba,1,2:09:25,7765,7817,1.01622665808113,126,0,2015.78,0,74,73,1,12,NNE,11,N,,
2015,1-Jan,11-Oct,Chicago,Sammy Kitwara,2,2:09:50,7790,,,,0,2015.78,0,74,73,1,12,NNE,11,N,,
2015,1-Jan,11-Oct,Chicago,Sammy Ndungu,3,2:10:06,7806,,,,0,2015.78,0,74,73,1,12,NNE,11,N,,
2015,1-Jan,11-Oct,Chicago,Girmany Birhanu Gebru,4,2:10:07,7807,,,,0,2015.78,0,74,73,1,12,NNE,11,N,,
2015,1-Jan,11-Oct,Chicago,Luke Puskedra,5,2:10:24,7824,,,,0,2015.78,0,74,73,1,12,NNE,11,N,,
2015,1-Jan,11-Oct,Chicago,Wesley Korir,6,2:10:39,7839,,,,0,2015.78,0,74,73,1,12,NNE,11,N,,
2015,1-Jan,11-Oct,Chicago,Elkanah Kibet,7,2:11:31,7891,,,,0,2015.78,0,74,73,1,12,NNE,11,N,,
2016,1-Jan,9-Oct,Chicago,Abel Kirui,1,2:11:23,7883,8158,1.18647722948116,1470,1,2016.77,0,74,73,1,11,W,8,N,,
2016,1-Jan,9-Oct,Chicago,Dickson Chumba,2,2:11:26,7886,,,,1,2016.77,0,74,73,1,11,W,8,N,,
2016,1-Jan,9-Oct,Chicago,Gideon Kipketer,3,2:12:20,7940,,,,1,2016.77,0,74,73,1,11,W,8,N,,
2016,1-Jan,9-Oct,Chicago,Paul Longyangata,4,2:13:17,7997,,,,1,2016.77,0,74,73,1,11,W,8,N,,
2016,1-Jan,9-Oct,Chicago,Stephen Sambu,5,2:13:35,8015,,,,1,2016.77,0,74,73,1,11,W,8,N,,
2016,1-Jan,9-Oct,Chicago,Abayneh Ayele,6,2:13:52,8032,,,,1,2016.77,0,74,73,1,11,W,8,N,,
2016,1-Jan,9-Oct,Chicago,Takuya Fukatsu,7,2:35:53,9353,,,,1,2016.77,0,74,73,1,11,W,8,N,,
2017,1-Jan,8-Oct,Chicago,Galen Rupp,1,2:09:20,7760,7848,1.02216494845361,172,1,2017.77,0,74,73,1,14,NNE,8,N,,
2017,1-Jan,8-Oct,Chicago,Abel Kirui,2,2:09:48,7788,,,,1,2017.77,0,74,73,1,14,NNE,8,N,,
2017,1-Jan,8-Oct,Chicago,Bernard Kipyego,3,2:10:23,7823,,,,1,2017.77,0,74,73,1,14,NNE,8,N,,
2017,1-Jan,8-Oct,Chicago,Sisay Lemma,4,2:11:01,7861,,,,1,2017.77,0,74,73,1,14,NNE,8,N,,
2017,1-Jan,8-Oct,Chicago,Stephen Sambu,5,2:11:07,7867,,,,1,2017.77,0,74,73,1,14,NNE,8,N,,
2017,1-Jan,8-Oct,Chicago,Kohei Matsumura,6,2:11:46,7906,,,,1,2017.77,0,74,73,1,14,NNE,8,N,,
2017,1-Jan,8-Oct,Chicago,Ezekiel Chebii,7,2:12:12,7932,,,,1,2017.77,0,74,73,1,14,NNE,8,N,,
2018,1-Jan,7-Oct,Chicago,Mo Farah,1,2:05:11,7511,7571,1.02143522833178,161,1,2018.77,0,74,73,1,14,SW,7,N,,
2018,1-Jan,7-Oct,Chicago,Moniset Geremew Bayih,2,2:05:24,7524,,,,1,2018.77,0,74,73,1,14,SW,7,N,,
2018,1-Jan,7-Oct,Chicago,Suguru Osako,3,2:05:50,7550,,,,1,2018.77,0,74,73,1,14,SW,7,N,,
2018,1-Jan,7-Oct,Chicago,Kenneth Kipkemoi,4,2:05:57,7557,,,,1,2018.77,0,74,73,1,14,SW,7,N,,
2018,1-Jan,7-Oct,Chicago,Galen Rupp,5,2:06:21,7581,,,,1,2018.77,0,74,73,1,14,SW,7,N,,
2018,1-Jan,7-Oct,Chicago,Geoffrey Kurui,6,2:06:45,7605,,,,1,2018.77,0,74,73,1,14,SW,7,N,,
2018,1-Jan,7-Oct,Chicago,Abel Kirui,7,2:07:52,7672,,,,1,2018.77,0,74,73,1,14,SW,7,N,,
2019,1-Jan,13-Oct,Chicago,Lawrence Cherono,1,2:05:45,7545,7605,1.02730284956925,206,1,2019.78,0,74,73,1,6,NE,11,N,,
2019,1-Jan,13-Oct,Chicago,Dejene Debela,2,2:05:46,7546,,,,1,2019.78,0,74,73,1,6,NE,11,N,,
2019,1-Jan,13-Oct,Chicago,Asefa Mengstu,3,2:05:48,7548,,,,1,2019.78,0,74,73,1,6,NE,11,N,,
2019,1-Jan,13-Oct,Chicago,Bedan Karoki,4,2:05:53,7553,,,,1,2019.78,0,74,73,1,6,NE,11,N,,
2019,1-Jan,13-Oct,Chicago,Bashir Abdi,5,2:06:14,7574,,,,1,2019.78,0,74,73,1,6,NE,11,N,,
2019,1-Jan,13-Oct,Chicago,Seifu Tura Abdiwak,6,2:08:35,7715,,,,1,2019.78,0,74,73,1,6,NE,11,N,,
2019,1-Jan,13-Oct,Chicago,Dickson Chumba,7,2:09:11,7751,,,,1,2019.78,0,74,73,1,6,NE,11,N,,
2021,1-Jan,10-Oct,Chicago,Seifu Tura Abdiwak,1,2:06:12,7572,7762,1.06114632857898,463,1,2021.78,0,74,73,1,22,N,13,N,,
2021,1-Jan,10-Oct,Chicago,Galen Rupp,2,2:06:35,7595,,,,1,2021.78,0,74,73,1,22,N,13,N,,
2021,1-Jan,10-Oct,Chicago,Eric Kiptanui,3,2:06:51,7611,,,,1,2021.78,0,74,73,1,22,N,13,N,,
2021,1-Jan,10-Oct,Chicago,Kengo Suzuki,4,2:08:50,7730,,,,1,2021.78,0,74,73,1,22,N,13,N,,
2021,1-Jan,10-Oct,Chicago,Shifera Tamru Aredo,5,2:09:39,7779,,,,1,2021.78,0,74,73,1,22,N,13,N,,
2021,1-Jan,10-Oct,Chicago,Colin Mickow,6,2:13:31,8011,,,,1,2021.78,0,74,73,1,22,N,13,N,,
2021,1-Jan,10-Oct,Chicago,Nico Montanez,7,2:13:55,8035,,,,1,2021.78,0,74,73,1,22,N,13,N,,
2022,1-Jan,9-Oct,Chicago,Benson Kipruto,1,2:04:24,7464,7592,1.03108252947481,232,1,2022.77,0,74,73,1,8,NW,9,N,,
2022,1-Jan,9-Oct,Chicago,Seifu Tura Abdiwak,2,2:04:49,7489,,,,1,2022.77,0,74,73,1,8,NW,9,N,,
2022,1-Jan,9-Oct,Chicago,John Korir,3,2:05:01,7501,,,,1,2022.77,0,74,73,1,8,NW,9,N,,
2022,1-Jan,9-Oct,Chicago,Bernard Koech,4,2:07:15,7635,,,,1,2022.77,0,74,73,1,8,NW,9,N,,
2022,1-Jan,9-Oct,Chicago,Shifera Tamru Aredo,5,2:07:53,7673,,,,1,2022.77,0,74,73,1,8,NW,9,N,,
2022,1-Jan,9-Oct,Chicago,Kyohei Hosoya,6,2:08:05,7685,,,,1,2022.77,0,74,73,1,8,NW,9,N,,
2022,1-Jan,9-Oct,Chicago,Conner Mantz,7,2:08:16,7696,,,,1,2022.77,0,74,73,1,8,NW,9,N,,
2023,1-Jan,8-Oct,Chicago,Kelvin Kiptum,1,2:00:35,7235,7505,1.06150656530753,445,1,2023.77,0,74,73,1,8,ESE,8,N,,
2023,1-Jan,8-Oct,Chicago,Benson Kipruto,2,2:04:02,7442,,,,1,2023.77,0,74,73,1,8,ESE,8,N,,
2023,1-Jan,8-Oct,Chicago,Bashir Abdi,3,2:04:32,7472,,,,1,2023.77,0,74,73,1,8,ESE,8,N,,
2023,1-Jan,8-Oct,Chicago,John Korir,4,2:05:09,7509,,,,1,2023.77,0,74,73,1,8,ESE,8,N,,
2023,1-Jan,8-Oct,Chicago,Seifu Tura Abdiwak,5,2:05:29,7529,,,,1,2023.77,0,74,73,1,8,ESE,8,N,,
2023,1-Jan,8-Oct,Chicago,Conner Mantz,6,2:07:47,7667,,,,1,2023.77,0,74,73,1,8,ESE,8,N,,
2023,1-Jan,8-Oct,Chicago,Clayton Young,7,2:08:00,7680,,,,1,2023.77,0,74,73,1,8,ESE,8,N,,
2024,1-Jan,13-Oct,Chicago,John Korir,1,2:02:44,7364,7536,1.04521998913634,333,1,2024.78,0,74,73,1,15,ESE,8,N,,
2024,1-Jan,13-Oct,Chicago,Huseydin Mohamed Esa,2,2:04:39,7479,,,,1,2024.78,0,74,73,1,15,ESE,8,N,,
2024,1-Jan,13-Oct,Chicago,Amos Kipruto,3,2:04:50,7490,,,,1,2024.78,0,74,73,1,15,ESE,8,N,,
2024,1-Jan,13-Oct,Chicago,Vincent Ngetich,4,2:05:16,7516,,,,1,2024.78,0,74,73,1,15,ESE,8,N,,
2024,1-Jan,13-Oct,Chicago,Daniel Ebenyo,5,2:06:04,7564,,,,1,2024.78,0,74,73,1,15,ESE,8,N,,
2024,1-Jan,13-Oct,Chicago,Kyohei Hosoya,6,2:07:20,7640,,,,1,2024.78,0,74,73,1,15,ESE,8,N,,
2024,1-Jan,13-Oct,Chicago,Cj Albertson,7,2:08:17,7697,,,,1,2024.78,0,74,73,1,15,ESE,8,N,,
2010,1-Jan,7-Nov,New York,Gebre Gebrmariam,1,2:08:14,7694,7849,1.03366259422927,259,0,2010.85,0,246,251,-5,6,SE,9,N,,
2010,1-Jan,7-Nov,New York,Emmanuel Mutai,2,2:09:18,7758,,,,0,2010.85,0,246,251,-5,6,SE,9,N,,
2010,1-Jan,7-Nov,New York,Moses Kigen Kipkogei,3,2:10:39,7839,,,,0,2010.85,0,246,251,-5,6,SE,9,N,,
2010,1-Jan,7-Nov,New York,James Kwambai,4,2:11:31,7891,,,,0,2010.85,0,246,251,-5,6,SE,9,N,,
2010,1-Jan,7-Nov,New York,Meb Keflezighi,5,2:11:38,7898,,,,0,2010.85,0,246,251,-5,6,SE,9,N,,
2010,1-Jan,7-Nov,New York,Marilson Gomes dos Santos,6,2:11:51,7911,,,,0,2010.85,0,246,251,-5,6,SE,9,N,,
2010,1-Jan,7-Nov,New York,Dathan Ritzenehin,7,2:12:33,7953,,,,0,2010.85,0,246,251,-5,6,SE,9,N,,
2011,1-Jan,6-Nov,New York,Geoffrey Mutai,1,2:05:06,7506,7672,1.04383160138556,329,0,2011.85,0,246,251,-5,9,ENE,8,N,,
2011,1-Jan,6-Nov,New York,Emmanuel Mutai,2,2:06:28,7588,,,,0,2011.85,0,246,251,-5,9,ENE,8,N,,
2011,1-Jan,6-Nov,New York,Tsegaye Kebede,3,2:07:14,7634,,,,0,2011.85,0,246,251,-5,9,ENE,8,N,,
2011,1-Jan,6-Nov,New York,Gebre Gebrmariam,4,2:08:00,7680,,,,0,2011.85,0,246,251,-5,9,ENE,8,N,,
2011,1-Jan,6-Nov,New York,Jaouad Gharib ,5,2:08:26,7706,,,,0,2011.85,0,246,251,-5,9,ENE,8,N,,
2011,1-Jan,6-Nov,New York,Meb Keflezighi,6,2:09:13,7753,,,,0,2011.85,0,246,251,-5,9,ENE,8,N,,
2011,1-Jan,6-Nov,New York,Abdella Falil,7,2:10:35,7835,,,,0,2011.85,0,246,251,-5,9,ENE,8,N,,
2013,1-Jan,3-Nov,New York,Geoffrey Mutai,1,2:08:24,7704,7798,1.01973001038422,152,0,2013.84,0,246,251,-5,7,S,8,N,,
2013,1-Jan,3-Nov,New York,Tsegaye Kebede,2,2:09:15,7755,,,,0,2013.84,0,246,251,-5,7,S,8,N,,
2013,1-Jan,3-Nov,New York,Lusapho April,3,2:09:45,7785,,,,0,2013.84,0,246,251,-5,7,S,8,N,,
2013,1-Jan,3-Nov,New York,Julias Arile,4,2:10:03,7803,,,,0,2013.84,0,246,251,-5,7,S,8,N,,
2013,1-Jan,3-Nov,New York,Stanley Biwott,5,2:10:41,7841,,,,0,2013.84,0,246,251,-5,7,S,8,N,,
2013,1-Jan,3-Nov,New York,Masato Imai,6,2:10:45,7845,,,,0,2013.84,0,246,251,-5,7,S,8,N,,
2013,1-Jan,3-Nov,New York,Jackson Kiprop,7,2:10:56,7856,,,,0,2013.84,0,246,251,-5,7,S,8,N,,
2014,1-Jan,2-Nov,New York,Wilson Kipsang,1,2:10:59,7859,7966,1.0276116554269,217,0,2014.84,0,246,251,-5,7,SE,13,N,,
2014,1-Jan,2-Nov,New York,Lelisa Desisa Benti,2,2:11:06,7866,,,,0,2014.84,0,246,251,-5,7,SE,13,N,,
2014,1-Jan,2-Nov,New York,Gebre Gebrmariam,3,2:12:13,7933,,,,0,2014.84,0,246,251,-5,7,SE,13,N,,
2014,1-Jan,2-Nov,New York,Meb Keflezighi,4,2:13:18,7998,,,,0,2014.84,0,246,251,-5,7,SE,13,N,,
2014,1-Jan,2-Nov,New York,Stephen Kiprotich,5,2:13:25,8005,,,,0,2014.84,0,246,251,-5,7,SE,13,N,,
2014,1-Jan,2-Nov,New York,Geoffrey Mutai,6,2:13:44,8024,,,,0,2014.84,0,246,251,-5,7,SE,13,N,,
2014,1-Jan,2-Nov,New York,Masato Imai,7,2:14:36,8076,,,,0,2014.84,0,246,251,-5,7,SE,13,N,,
2015,1-Jan,1-Nov,New York,Stanley Biwott,1,2:10:34,7834,7943,1.02272147051315,178,0,2015.83,0,246,251,-5,15,NE,9,N,,
2015,1-Jan,1-Nov,New York,Geoffery Kamworor,2,2:10:48,7848,,,,0,2015.83,0,246,251,-5,15,NE,9,N,,
2015,1-Jan,1-Nov,New York,Lelisa Desisa,3,2:12:10,7930,,,,0,2015.83,0,246,251,-5,15,NE,9,N,,
2015,1-Jan,1-Nov,New York,Wilson Kipsang,4,2:12:45,7965,,,,0,2015.83,0,246,251,-5,15,NE,9,N,,
2015,1-Jan,1-Nov,New York,Yemane Tsegay,5,2:13:24,8004,,,,0,2015.83,0,246,251,-5,15,NE,9,N,,
2015,1-Jan,1-Nov,New York,Yuki Kawauchi,6,2:13:29,8009,,,,0,2015.83,0,246,251,-5,15,NE,9,N,,
2015,1-Jan,1-Nov,New York,Meb Keflezighi,7,2:13:32,8012,,,,0,2015.83,0,246,251,-5,15,NE,9,N,,
2016,1-Jan,6-Nov,New York,Ghirmay Ghebreslassie,1,2:07:51,7671,7880,1.05044974579585,387,1,2016.85,0,246,251,-5,11,SE,8,N,,
2016,1-Jan,6-Nov,New York,Lucas Rotich,2,2:08:53,7733,,,,1,2016.85,0,246,251,-5,11,SE,8,N,,
2016,1-Jan,6-Nov,New York,Abdi Abdirahman,3,2:11:23,7883,,,,1,2016.85,0,246,251,-5,11,SE,8,N,,
2016,1-Jan,6-Nov,New York,Hiroyuki Yamamoto,4,2:11:49,7909,,,,1,2016.85,0,246,251,-5,11,SE,8,N,,
2016,1-Jan,6-Nov,New York,Shadrack Biwott,5,2:12:01,7921,,,,1,2016.85,0,246,251,-5,11,SE,8,N,,
2016,1-Jan,6-Nov,New York,Tadesse Yae Dabi,6,2:13:06,7986,,,,1,2016.85,0,246,251,-5,11,SE,8,N,,
2016,1-Jan,6-Nov,New York,Moses Kipsiro,7,2:14:18,8058,,,,1,2016.85,0,246,251,-5,11,SE,8,N,,
2017,1-Jan,5-Nov,New York,Geoffrey Kamworor,1,2:10:53,7853,7909,1.01464408506303,115,1,2017.84,0,246,251,-5,15,SW,11,Y,,
2017,1-Jan,5-Nov,New York,Wilson Kipsang,2,2:10:56,7856,,,,1,2017.84,0,246,251,-5,15,SW,11,Y,,
2017,1-Jan,5-Nov,New York,Lelisa Desisa,3,2:11:32,7892,,,,1,2017.84,0,246,251,-5,15,SW,11,Y,,
2017,1-Jan,5-Nov,New York,Lemi Berhanu,4,2:11:52,7912,,,,1,2017.84,0,246,251,-5,15,SW,11,Y,,
2017,1-Jan,5-Nov,New York,Tadesse Abraham,5,2:12:01,7921,,,,1,2017.84,0,246,251,-5,15,SW,11,Y,,
2017,1-Jan,5-Nov,New York,Michel Butter,6,2:12:39,7959,,,,1,2017.84,0,246,251,-5,15,SW,11,Y,,
2017,1-Jan,5-Nov,New York,Abdi Abdirahman,7,2:12:48,7968,,,,1,2017.84,0,246,251,-5,15,SW,11,Y,,
2018,1-Jan,4-Nov,New York,Lelisa Desisa,1,2:05:59,7559,7733,1.05146183357587,389,1,2018.84,0,246,251,-5,11,E,7,N,,
2018,1-Jan,4-Nov,New York,Shura Kitata,2,2:06:01,7561,,,,1,2018.84,0,246,251,-5,11,E,7,N,,
2018,1-Jan,4-Nov,New York,Geoffrey Kamworor,3,2:06:26,7586,,,,1,2018.84,0,246,251,-5,11,E,7,N,,
2018,1-Jan,4-Nov,New York,Tamirat Tola,4,2:08:30,7710,,,,1,2018.84,0,246,251,-5,11,E,7,N,,
2018,1-Jan,4-Nov,New York,Daniel Wanjiru,5,2:10:21,7821,,,,1,2018.84,0,246,251,-5,11,E,7,N,,
2018,1-Jan,4-Nov,New York,Jared Ward,6,2:12:24,7944,,,,1,2018.84,0,246,251,-5,11,E,7,N,,
2018,1-Jan,4-Nov,New York,Scott Fauble,7,2:12:28,7948,,,,1,2018.84,0,246,251,-5,11,E,7,N,,
2019,1-Jan,3-Nov,New York,Geoffrey Kamworor,1,2:08:13,7693,7777,1.02313791758742,178,1,2019.84,0,246,251,-5,11,E,6,N,,
2019,1-Jan,3-Nov,New York,Albert Korir,2,2:08:36,7716,,,,1,2019.84,0,246,251,-5,11,E,6,N,,
2019,1-Jan,3-Nov,New York,Girma Bekele Gebre,3,2:08:38,7718,,,,1,2019.84,0,246,251,-5,11,E,6,N,,
2019,1-Jan,3-Nov,New York,Tamirat Tola,4,2:09:20,7760,,,,1,2019.84,0,246,251,-5,11,E,6,N,,
2019,1-Jan,3-Nov,New York,Shura Kitata,5,2:10:39,7839,,,,1,2019.84,0,246,251,-5,11,E,6,N,,
2019,1-Jan,3-Nov,New York,Jared Ward,6,2:10:45,7845,,,,1,2019.84,0,246,251,-5,11,E,6,N,,
2019,1-Jan,3-Nov,New York,Stephen Sambu,7,2:11:11,7871,,,,1,2019.84,0,246,251,-5,11,E,6,N,,
2021,1-Jan,7-Nov,New York,Albert Korir,1,2:08:22,7702,7851,1.03518566606076,271,1,2021.85,0,246,251,-5,11,E,5,N,,
2021,1-Jan,7-Nov,New York,Mohamed El Aaraby,2,2:09:06,7746,,,,1,2021.85,0,246,251,-5,11,E,5,N,,
2021,1-Jan,7-Nov,New York,Eyob Faniel,3,2:09:52,7792,,,,1,2021.85,0,246,251,-5,11,E,5,N,,
2021,1-Jan,7-Nov,New York,Elkanah Kibet,4,2:11:15,7875,,,,1,2021.85,0,246,251,-5,11,E,5,N,,
2021,1-Jan,7-Nov,New York,Abdi Nageeye,5,2:11:39,7899,,,,1,2021.85,0,246,251,-5,11,E,5,N,,
2021,1-Jan,7-Nov,New York,Kenenisa Bekele,6,2:12:52,7972,,,,1,2021.85,0,246,251,-5,11,E,5,N,,
2021,1-Jan,7-Nov,New York,Ben True,7,2:12:53,7973,,,,1,2021.85,0,246,251,-5,11,E,5,N,,
2022,1-Jan,6-Nov,New York,Evans Chebet,1,2:08:41,7721,7854,1.03704183395933,286,1,2022.85,0,246,251,-5,22,N,8,N,,
2022,1-Jan,6-Nov,New York,Shura Kitata,2,2:08:54,7734,,,,1,2022.85,0,246,251,-5,22,N,8,N,,
2022,1-Jan,6-Nov,New York,Abdi Nageeye,3,2:10:31,7831,,,,1,2022.85,0,246,251,-5,22,N,8,N,,
2022,1-Jan,6-Nov,New York,Mohamed El Aaraby,4,2:11:00,7860,,,,1,2022.85,0,246,251,-5,22,N,8,N,,
2022,1-Jan,6-Nov,New York,Soguru Osako,5,2:11:31,7891,,,,1,2022.85,0,246,251,-5,22,N,8,N,,
2022,1-Jan,6-Nov,New York,Tetsuya Yoroizaka,6,2:12:12,7932,,,,1,2022.85,0,246,251,-5,22,N,8,N,,
2022,1-Jan,6-Nov,New York,Alber Korir,7,2:13:27,8007,,,,1,2022.85,0,246,251,-5,22,N,8,N,,
2023,1-Jan,5-Nov,New York,Tamirat Tola,1,2:04:58,7498,7725,1.04747932782075,356,1,2023.84,0,246,251,-5,13,ENE,5,N,,
2023,1-Jan,5-Nov,New York,Albert Korir,2,2:06:57,7617,,,,1,2023.84,0,246,251,-5,13,ENE,5,N,,
2023,1-Jan,5-Nov,New York,Shura Kitata,3,2:07:11,7631,,,,1,2023.84,0,246,251,-5,13,ENE,5,N,,
2023,1-Jan,5-Nov,New York,Abdi Nageeye,4,2:10:21,7821,,,,1,2023.84,0,246,251,-5,13,ENE,5,N,,
2023,1-Jan,5-Nov,New York,Keon Naert,5,2:10:25,7825,,,,1,2023.84,0,246,251,-5,13,ENE,5,N,,
2023,1-Jan,5-Nov,New York,Maru Teferi,6,2:10:28,7828,,,,1,2023.84,0,246,251,-5,13,ENE,5,N,,
2023,1-Jan,5-Nov,New York,Iliass Aouani,7,2:10:54,7854,,,,1,2023.84,0,246,251,-5,13,ENE,5,N,,
2024,1-Jan,3-Nov,New York,Abdi Nageeye,1,2:07:39,7659,7704,1.01331766549158,102,1,2024.84,0,246,251,-5,6,SW,12,N,,
2024,1-Jan,3-Nov,New York,Evans Chebet,2,2:07:45,7665,,,,1,2024.84,0,246,251,-5,6,SW,12,N,,
2024,1-Jan,3-Nov,New York,Albert Korir,3,2:08:00,7680,,,,1,2024.84,0,246,251,-5,6,SW,12,N,,
2024,1-Jan,3-Nov,New York,Tamirat Tola,4,2:08:12,7692,,,,1,2024.84,0,246,251,-5,6,SW,12,N,,
2024,1-Jan,3-Nov,New York,Geoffery Kamworor,5,2:08:50,7730,,,,1,2024.84,0,246,251,-5,6,SW,12,N,,
2024,1-Jan,3-Nov,New York,Conner Mantz,6,2:09:00,7740,,,,1,2024.84,0,246,251,-5,6,SW,12,N,,
2024,1-Jan,3-Nov,New York,Clayton Young,7,2:09:21,7761,,,,1,2024.84,0,246,251,-5,6,SW,12,N,,