Year,sample_date,date,race,name,place,time_m,time_s,avg_yr_time_s,supershoe_era,frac_year,gender,elevation_gain_m,elevation_loss_m,net_elevation_m,temp_at_start_c,wind_direction,wind_mph,rainy_y_or_n,"stack data, code supershoe_era, weather variables, elevation",
2010,1-Jan,28-Feb,Tokyo,Alevtina Biktimirova,1,2:34:39,9279,9557,0,2010.16,1,98,134,-36,4,S,6,N,lm(time~year.decimal+year.decimal^2+factor(Race)+factor(Name)+Place+Supershoe_era+weather_controls,
2010,1-Jan,28-Feb,Tokyo,Robe Guta,2,2:36:29,9389,,0,2010.16,1,98,134,-36,4,S,6,N,"women's data, lm()",
2010,1-Jan,28-Feb,Tokyo,Nuta Olaru,3,2:36:42,9402,,0,2010.16,1,98,134,-36,4,S,6,N,"Nike sponsorship (0,1)",
2010,1-Jan,28-Feb,Tokyo,Maki kouno,4,2:39:01,9541,,0,2010.16,1,98,134,-36,4,S,6,N,,
2010,1-Jan,28-Feb,Tokyo,Yang Jing,5,2:41:04,9664,,0,2010.16,1,98,134,-36,4,S,6,N,,
2010,1-Jan,28-Feb,Tokyo,Yumi Sato,6,2:43:01,9781,,0,2010.16,1,98,134,-36,4,S,6,N,,
2010,1-Jan,28-Feb,Tokyo,Wakana Hanadou,7,2:44:03,9843,,0,2010.16,1,98,134,-36,4,S,6,N,,
2011,1-Jan,27-Feb,Tokyo,Noriko Higuchi,1,2:28:49,8929,9052,0,2011.16,1,98,134,-36,8,SW,2,N,lasso regression for robustness,
2011,1-Jan,27-Feb,Tokyo,Tatyana Pushkareva,2,2:28:56,8936,,0,2011.16,1,98,134,-36,8,SW,2,N,,
2011,1-Jan,27-Feb,Tokyo,Yoko Shibui,3,2:29:03,8943,,0,2011.16,1,98,134,-36,8,SW,2,N,,
2011,1-Jan,27-Feb,Tokyo,Misaki Katsumata,4,2:31:10,9070,,0,2011.16,1,98,134,-36,8,SW,2,N,,
2011,1-Jan,27-Feb,Tokyo,Sumiko Suzuki,5,2:32:02,9122,,0,2011.16,1,98,134,-36,8,SW,2,N,,
2011,1-Jan,27-Feb,Tokyo,Rina Yamazaki,6,2:32:51,9171,,0,2011.16,1,98,134,-36,8,SW,2,N,,
2011,1-Jan,27-Feb,Tokyo,Shoko Miyazaki,7,2:33:10,9190,,0,2011.16,1,98,134,-36,8,SW,2,N,,
2012,1-Jan,26-Feb,Tokyo,Atsede Habtamu,1,2:25:28,8728,8806,0,2012.15,1,98,134,-36,6,SSW,2,N,,
2012,1-Jan,26-Feb,Tokyo,Yeshi Esayias,2,2:26:00,8760,,0,2012.15,1,98,134,-36,6,SSW,2,N,,
2012,1-Jan,26-Feb,Tokyo,Helena Kirop,3,2:26:02,8762,,0,2012.15,1,98,134,-36,6,SSW,2,N,,
2012,1-Jan,26-Feb,Tokyo,Eri Okubo,4,2:26:08,8768,,0,2012.15,1,98,134,-36,6,SSW,2,N,,
2012,1-Jan,26-Feb,Tokyo,Tatyana Aryasova,5,2:26:46,8806,,0,2012.15,1,98,134,-36,6,SSW,2,N,,
2012,1-Jan,26-Feb,Tokyo,Lishan Dula,6,2:28:22,8902,,0,2012.15,1,98,134,-36,6,SSW,2,N,,
2012,1-Jan,26-Feb,Tokyo,Eyerusalem Kuma,7,2:28:36,8916,,0,2012.15,1,98,134,-36,6,SSW,2,N,,
2013,1-Jan,24-Feb,Tokyo,Aberu Kebede,1,2:25:34,8734,8857,0,2013.15,1,98,134,-36,6,SE,13,N,,
2013,1-Jan,24-Feb,Tokyo,Yeshi Esayias,2,2:26:01,8761,,0,2013.15,1,98,134,-36,6,SE,13,N,,
2013,1-Jan,24-Feb,Tokyo,Irina Miketenko,3,2:26:41,8801,,0,2013.15,1,98,134,-36,6,SE,13,N,,
2013,1-Jan,24-Feb,Tokyo,Albina Mayorova,4,2:26:51,8811,,0,2013.15,1,98,134,-36,6,SE,13,N,,
2013,1-Jan,24-Feb,Tokyo,Yoshimi Ozaki,5,2:28:30,8910,,0,2013.15,1,98,134,-36,6,SE,13,N,,
2013,1-Jan,24-Feb,Tokyo,Helalia Johannes,6,2:29:20,8960,,0,2013.15,1,98,134,-36,6,SE,13,N,,
2013,1-Jan,24-Feb,Tokyo,Mika Yoshikawa,7,2:30:20,9020,,0,2013.15,1,98,134,-36,6,SE,13,N,,
2014,1-Jan,23-Feb,Tokyo,Tirfi Tsegaye,1,2:22:23,8543,8714,0,2014.14,1,98,134,-36,4,SSE,6,N,,
2014,1-Jan,23-Feb,Tokyo,Birhane Dibaba,2,2:22:30,8550,,0,2014.14,1,98,134,-36,4,SSE,6,N,lm(time~factor(race)+temp_from_optimal+precipitation+elevation),
2014,1-Jan,23-Feb,Tokyo,Lucy Kabuu,3,2:24:16,8656,,0,2014.14,1,98,134,-36,4,SSE,6,N,,coef
2014,1-Jan,23-Feb,Tokyo,Caroline Rotich,4,2:24:35,8675,,0,2014.14,1,98,134,-36,4,SSE,6,N,,
2014,1-Jan,23-Feb,Tokyo,Janet Rono,5,2:26:03,8763,,0,2014.14,1,98,134,-36,4,SSE,6,N,,
2014,1-Jan,23-Feb,Tokyo,Albina Mayorova,6,2:28:18,8898,,0,2014.14,1,98,134,-36,4,SSE,6,N,,
2014,1-Jan,23-Feb,Tokyo,Mai Ito,7,2:28:36,8916,,0,2014.14,1,98,134,-36,4,SSE,6,N,,
2015,1-Jan,22-Feb,Tokyo,Birhane Dibaba,1,2:23:15,8595,8794,0,2015.14,1,98,134,-36,4,SSE,7,N,Tokyo,-35
2015,1-Jan,22-Feb,Tokyo,Helah Kiprop,2,2:24:03,8643,,0,2015.14,1,98,134,-36,4,SSE,7,N,Boston,22
2015,1-Jan,22-Feb,Tokyo,Tiki Gelana,3,2:24:26,8666,,0,2015.14,1,98,134,-36,4,SSE,7,N,,
2015,1-Jan,22-Feb,Tokyo,Sally Chepyego,4,2:26:43,8803,,0,2015.14,1,98,134,-36,4,SSE,7,N,,
2015,1-Jan,22-Feb,Tokyo,Flormena Cheyech Daniel,5,2:26:54,8814,,0,2015.14,1,98,134,-36,4,SSE,7,N,,
2015,1-Jan,22-Feb,Tokyo,Yeshi Esayias,6,2:30:15,9015,,0,2015.14,1,98,134,-36,4,SSE,7,N,,
2015,1-Jan,22-Feb,Tokyo,Madoka Ogi,7,2:30:25,9025,,0,2015.14,1,98,134,-36,4,SSE,7,N,,
2016,1-Jan,28-Feb,Tokyo,Helah Kiprop,1,2:21:27,8487,8598,0,2016.16,1,98,134,-36,12,ESE,3,N,,
2016,1-Jan,28-Feb,Tokyo,Amane Gobena,2,2:21:51,8511,,0,2016.16,1,98,134,-36,12,ESE,3,N,,
2016,1-Jan,28-Feb,Tokyo,Edna Kiplagat,3,2:22:36,8556,,0,2016.16,1,98,134,-36,12,ESE,3,N,,
2016,1-Jan,28-Feb,Tokyo,Aberu Kebede,4,2:23:01,8581,,0,2016.16,1,98,134,-36,12,ESE,3,N,,
2016,1-Jan,28-Feb,Tokyo,Birhane Dibaba,5,2:23:16,8596,,0,2016.16,1,98,134,-36,12,ESE,3,N,,
2016,1-Jan,28-Feb,Tokyo,Shure Demise,6,2:25:04,8704,,0,2016.16,1,98,134,-36,12,ESE,3,N,,
2016,1-Jan,28-Feb,Tokyo,Ashete Bekere,7,2:25:50,8750,,0,2016.16,1,98,134,-36,12,ESE,3,N,,
2017,1-Jan,26-Feb,Tokyo,Sarah Chepchirchir,1,2:19:47,8387,8747,1,2017.15,1,60,98,-38,10,SE,7,N,,
2017,1-Jan,26-Feb,Tokyo,Birhane Dibaba,2,2:21:19,8479,,1,2017.15,1,60,98,-38,10,SE,7,N,,
2017,1-Jan,26-Feb,Tokyo,Amane Gobena,3,2:23:09,8589,,1,2017.15,1,60,98,-38,10,SE,7,N,,
2017,1-Jan,26-Feb,Tokyo,Ayaka Fujimoto,4,2:27:08,8828,,1,2017.15,1,60,98,-38,10,SE,7,N,,
2017,1-Jan,26-Feb,Tokyo,Marta Lema,5,2:27:37,8857,,1,2017.15,1,60,98,-38,10,SE,7,N,,
2017,1-Jan,26-Feb,Tokyo,Sara Hall,6,2:28:26,8906,,1,2017.15,1,60,98,-38,10,SE,7,N,,
2017,1-Jan,26-Feb,Tokyo,Madoka Nakano,7,2:33:00,9180,,1,2017.15,1,60,98,-38,10,SE,7,N,,
2018,1-Jan,25-Feb,Tokyo,Birhane Dibaba,1,2:19:51,8391,8708,1,2018.15,1,60,98,-38,6,SW,7,N,,
2018,1-Jan,25-Feb,Tokyo,Ruti Aga,2,2:21:19,8479,,1,2018.15,1,60,98,-38,6,SW,7,N,,
2018,1-Jan,25-Feb,Tokyo,Amy Cragg,3,2:21:42,8502,,1,2018.15,1,60,98,-38,6,SW,7,N,,
2018,1-Jan,25-Feb,Tokyo,Shure Demise,4,2:22:07,8527,,1,2018.15,1,60,98,-38,6,SW,7,N,,
2018,1-Jan,25-Feb,Tokyo,Helah Kiprop,5,2:28:58,8938,,1,2018.15,1,60,98,-38,6,SW,7,N,,
2018,1-Jan,25-Feb,Tokyo,Hiroko Yoshitomi,6,2:30:16,9016,,1,2018.15,1,60,98,-38,6,SW,7,N,,
2018,1-Jan,25-Feb,Tokyo,Madoka Nakano,7,2:31:41,9101,,1,2018.15,1,60,98,-38,6,SW,7,N,,
2019,1-Jan,3-Mar,Tokyo,Ruti Aga,1,2:20:40,8440,8545,1,2019.17,1,60,98,-38,6,SE,9,Y,,
2019,1-Jan,3-Mar,Tokyo,Helen Tola,2,2:21:01,8461,,1,2019.17,1,60,98,-38,6,SE,9,Y,,
2019,1-Jan,3-Mar,Tokyo,Shure Demise,3,2:21:05,8465,,1,2019.17,1,60,98,-38,6,SE,9,Y,,
2019,1-Jan,3-Mar,Tokyo,Florence Kiplagat,4,2:21:50,8510,,1,2019.17,1,60,98,-38,6,SE,9,Y,,
2019,1-Jan,3-Mar,Tokyo,Bedatu Hirpa,5,2:23:43,8623,,1,2019.17,1,60,98,-38,6,SE,9,Y,,
2019,1-Jan,3-Mar,Tokyo,Ababel Yeshaneh,6,2:24:02,8642,,1,2019.17,1,60,98,-38,6,SE,9,Y,,
2019,1-Jan,3-Mar,Tokyo,Mao Ichiyama,7,2:24:33,8673,,1,2019.17,1,60,98,-38,6,SE,9,Y,,
2020,1-Jan,1-Mar,Tokyo,Lonah Salpeter,1,2:17:45,8265,8475,1,2020.17,1,60,98,-38,12,NNW,6,N,,
2020,1-Jan,1-Mar,Tokyo,Birhane Dibaba,2,2:18:35,8315,,1,2020.17,1,60,98,-38,12,NNW,6,N,,
2020,1-Jan,1-Mar,Tokyo,Sutume Kebede,3,2:20:30,8430,,1,2020.17,1,60,98,-38,12,NNW,6,N,,
2020,1-Jan,1-Mar,Tokyo,Selly Chepyego,4,2:21:42,8502,,1,2020.17,1,60,98,-38,12,NNW,6,N,,
2020,1-Jan,1-Mar,Tokyo,Tigist Girma,5,2:21:56,8516,,1,2020.17,1,60,98,-38,12,NNW,6,N,,
2020,1-Jan,1-Mar,Tokyo,Azmera Gebru,6,2:22:58,8578,,1,2020.17,1,60,98,-38,12,NNW,6,N,,
2020,1-Jan,1-Mar,Tokyo,Senbere Teferi,7,2:25:22,8722,,1,2020.17,1,60,98,-38,12,NNW,6,N,,
2022,1-Jan,6-Mar,Tokyo,Brigid Kosgei,1,2:16:02,8162,8336,1,2022.18,1,60,98,-38,6,SW,7,N,,
2022,1-Jan,6-Mar,Tokyo,Ashete Bekere,2,2:17:58,8278,,1,2022.18,1,60,98,-38,6,SW,7,N,,
2022,1-Jan,6-Mar,Tokyo,Gotytom Gebreslase,3,2:18:18,8298,,1,2022.18,1,60,98,-38,6,SW,7,N,,
2022,1-Jan,6-Mar,Tokyo,Angela Tanui,4,2:18:42,8322,,1,2022.18,1,60,98,-38,6,SW,7,N,,
2022,1-Jan,6-Mar,Tokyo,Hiwot Gebrekidan,5,2:19:10,8350,,1,2022.18,1,60,98,-38,6,SW,7,N,,
2022,1-Jan,6-Mar,Tokyo,Mao Ichiyama,6,2:21:02,8462,,1,2022.18,1,60,98,-38,6,SW,7,N,,
2022,1-Jan,6-Mar,Tokyo,Hitomi Niiya,7,2:21:17,8477,,1,2022.18,1,60,98,-38,6,SW,7,N,,
2023,1-Jan,5-Mar,Tokyo,Rosemary Wanjiru,1,2:16:28,8188,8386,1,2023.18,1,60,98,-38,9,SW,8,N,,
2023,1-Jan,5-Mar,Tokyo,Tsehay Gemechu,2,2:16:56,8216,,1,2023.18,1,60,98,-38,9,SW,8,N,,
2023,1-Jan,5-Mar,Tokyo,Ashete Bekere,3,2:19:11,8351,,1,2023.18,1,60,98,-38,9,SW,8,N,,
2023,1-Jan,5-Mar,Tokyo,Workenesh Edesa,4,2:20:13,8413,,1,2023.18,1,60,98,-38,9,SW,8,N,,
2023,1-Jan,5-Mar,Tokyo,Betsy Saina,5,2:21:40,8500,,1,2023.18,1,60,98,-38,9,SW,8,N,,
2023,1-Jan,5-Mar,Tokyo,Mizuki Matsuda,6,2:21:44,8504,,1,2023.18,1,60,98,-38,9,SW,8,N,,
2023,1-Jan,5-Mar,Tokyo,Ai Hosoda,7,2:22:08,8528,,1,2023.18,1,60,98,-38,9,SW,8,N,,
2024,1-Jan,3-Mar,Tokyo,Sutume Kebede,1,2:15:55,8155,8327,1,2024.17,1,60,98,-38,8,NW,5,N,,
2024,1-Jan,3-Mar,Tokyo,Rosemary Wanjiru,2,2:16:14,8174,,1,2024.17,1,60,98,-38,8,NW,5,N,,
2024,1-Jan,3-Mar,Tokyo,Amane Beriso,3,2:16:58,8218,,1,2024.17,1,60,98,-38,8,NW,5,N,,
2024,1-Jan,3-Mar,Tokyo,Sifan Hassan,4,2:18:05,8285,,1,2024.17,1,60,98,-38,8,NW,5,N,,
2024,1-Jan,3-Mar,Tokyo,Betsy Saina,5,2:19:17,8357,,1,2024.17,1,60,98,-38,8,NW,5,N,,
2024,1-Jan,3-Mar,Tokyo,Hitomi Niiya,6,2:21:50,8510,,1,2024.17,1,60,98,-38,8,NW,5,N,,
2024,1-Jan,3-Mar,Tokyo,Meseret Abebayahau,7,2:23:08,8588,,1,2024.17,1,60,98,-38,8,NW,5,N,,
2010,1-Jan,19-Apr,Boston,Teyba Erkesso,1,2:26:11,8771,8914,0,2010.30,1,248,388,-140,12,ENE,5,N,,
2010,1-Jan,19-Apr,Boston,Tatyana Pushkareva,2,2:26:14,8774,,0,2010.30,1,248,388,-140,12,ENE,5,N,,
2010,1-Jan,19-Apr,Boston,Salina Kosgei,3,2:28:35,8915,,0,2010.30,1,248,388,-140,12,ENE,5,N,,
2010,1-Jan,19-Apr,Boston,Waynishet Girma,4,2:28:38,8918,,0,2010.30,1,248,388,-140,12,ENE,5,N,,
2010,1-Jan,19-Apr,Boston,Bruna Genovese,5,2:29:12,8952,,0,2010.30,1,248,388,-140,12,ENE,5,N,,
2010,1-Jan,19-Apr,Boston,Lidiya Grigoryeva,6,2:30:31,9031,,0,2010.30,1,248,388,-140,12,ENE,5,N,,
2010,1-Jan,19-Apr,Boston,Yurika Nakamura,7,2:30:40,9040,,0,2010.30,1,248,388,-140,12,ENE,5,N,,
2011,1-Jan,18-Apr,Boston,Caroline Kilel,1,2:26:36,8796,8680,0,2011.30,1,248,388,-140,12,WSW,20,N,,
2011,1-Jan,18-Apr,Boston,Desiree Davila,2,2:22:38,8558,,0,2011.30,1,248,388,-140,12,WSW,20,N,,
2011,1-Jan,18-Apr,Boston,Sharon Cherop,3,2:22:42,8562,,0,2011.30,1,248,388,-140,12,WSW,20,N,,
2011,1-Jan,18-Apr,Boston,Caroline Rotich,4,2:24:26,8666,,0,2011.30,1,248,388,-140,12,WSW,20,N,,
2011,1-Jan,18-Apr,Boston,Kara Goucher,5,2:24:52,8692,,0,2011.30,1,248,388,-140,12,WSW,20,N,,
2011,1-Jan,18-Apr,Boston,Dire Tune,6,2:25:08,8708,,0,2011.30,1,248,388,-140,12,WSW,20,N,,
2011,1-Jan,18-Apr,Boston,Werknesh Kidane,7,2:26:15,8775,,0,2011.30,1,248,388,-140,12,WSW,20,N,,
2012,1-Jan,16-Apr,Boston,Sharon Cherop,1,2:31:50,9110,9279,0,2012.29,1,248,388,-140,24,SW,9,N,,
2012,1-Jan,16-Apr,Boston,Jemima Jelagat Sumgong,2,2:31:52,9112,,0,2012.29,1,248,388,-140,24,SW,9,N,,
2012,1-Jan,16-Apr,Boston,Georgina Rono,3,2:33:09,9189,,0,2012.29,1,248,388,-140,24,SW,9,N,,
2012,1-Jan,16-Apr,Boston,Firehiwot Dado,4,2:34:56,9296,,0,2012.29,1,248,388,-140,24,SW,9,N,,
2012,1-Jan,16-Apr,Boston,Diana Sigei,5,2:35:40,9340,,0,2012.29,1,248,388,-140,24,SW,9,N,,
2012,1-Jan,16-Apr,Boston,Rita Jeptoo,6,2:35:53,9353,,0,2012.29,1,248,388,-140,24,SW,9,N,,
2012,1-Jan,16-Apr,Boston,Mayumi Fujita,7,2:39:11,9551,,0,2012.29,1,248,388,-140,24,SW,9,N,,
2013,1-Jan,15-Apr,Boston,Rita Jeptoo,1,2:26:25,8785,8853,0,2013.29,1,248,388,-140,9,N,3,N,,
2013,1-Jan,15-Apr,Boston,Meseret Hailu,2,2:26:58,8818,,0,2013.29,1,248,388,-140,9,N,3,N,,
2013,1-Jan,15-Apr,Boston,Sharon Cherop,3,2:27:01,8821,,0,2013.29,1,248,388,-140,9,N,3,N,,
2013,1-Jan,15-Apr,Boston,Shalane Flanagan,4,2:27:08,8828,,0,2013.29,1,248,388,-140,9,N,3,N,,
2013,1-Jan,15-Apr,Boston,Tirfi Tsegaye,5,2:28:09,8889,,0,2013.29,1,248,388,-140,9,N,3,N,,
2013,1-Jan,15-Apr,Boston,Kara Goucher,6,2:28:11,8891,,0,2013.29,1,248,388,-140,9,N,3,N,,
2013,1-Jan,15-Apr,Boston,Madai Perez,7,2:28:59,8939,,0,2013.29,1,248,388,-140,9,N,3,N,,
2014,1-Jan,21-Apr,Boston,Rita Jeptoo,1,2:18:57,8337,8444,0,2014.31,1,248,388,-140,10,WSW,10,N,,
2014,1-Jan,21-Apr,Boston,Buzenesh Deba,2,2:19:59,8399,,0,2014.31,1,248,388,-140,10,WSW,10,N,,
2014,1-Jan,21-Apr,Boston,Mare Dibaba,3,2:20:35,8435,,0,2014.31,1,248,388,-140,10,WSW,10,N,,
2014,1-Jan,21-Apr,Boston,Jemima Jelagat Sumgong,4,2:20:41,8441,,0,2014.31,1,248,388,-140,10,WSW,10,N,,
2014,1-Jan,21-Apr,Boston,Meselech Melkamu,5,2:21:28,8488,,0,2014.31,1,248,388,-140,10,WSW,10,N,,
2014,1-Jan,21-Apr,Boston,Aleksandra Duliba,6,2:21:29,8489,,0,2014.31,1,248,388,-140,10,WSW,10,N,,
2014,1-Jan,21-Apr,Boston,Shalane Flanagan,7,2:22:02,8522,,0,2014.31,1,248,388,-140,10,WSW,10,N,,
2015,1-Jan,20-Apr,Boston,Caroline Rotich,1,2:24:55,8695,8746,0,2015.30,1,248,388,-140,5,E,12,Y,,
2015,1-Jan,20-Apr,Boston,Mare Dibaba,2,2:24:59,8699,,0,2015.30,1,248,388,-140,5,E,12,Y,,
2015,1-Jan,20-Apr,Boston,Buzenesh Deba,3,2:25:09,8709,,0,2015.30,1,248,388,-140,5,E,12,Y,,
2015,1-Jan,20-Apr,Boston,Desiree Linden,4,2:25:39,8739,,0,2015.30,1,248,388,-140,5,E,12,Y,,
2015,1-Jan,20-Apr,Boston,Sharon Cherop,5,2:26:05,8765,,0,2015.30,1,248,388,-140,5,E,12,Y,,
2015,1-Jan,20-Apr,Boston,Caroline Kilel,6,2:26:40,8800,,0,2015.30,1,248,388,-140,5,E,12,Y,,
2015,1-Jan,20-Apr,Boston,Aberu Kebede,7,2:26:52,8812,,0,2015.30,1,248,388,-140,5,E,12,Y,,
2016,1-Jan,18-Apr,Boston,Atsede Baysa,1,2:29:19,8959,9117,0,2016.30,1,248,388,-140,19,ENE,8,N,,
2016,1-Jan,18-Apr,Boston,Tirfi Tsegaye,2,2:30:03,9003,,0,2016.30,1,248,388,-140,19,ENE,8,N,,
2016,1-Jan,18-Apr,Boston,Joyce Chepkirui,3,2:30:50,9050,,0,2016.30,1,248,388,-140,19,ENE,8,N,,
2016,1-Jan,18-Apr,Boston,Jelena Prokopcuka,4,2:32:38,9158,,0,2016.30,1,248,388,-140,19,ENE,8,N,,
2016,1-Jan,18-Apr,Boston,Valentine Kipketer,5,2:33:13,9193,,0,2016.30,1,248,388,-140,19,ENE,8,N,,
2016,1-Jan,18-Apr,Boston,Flormena Cheyech Daniel,6,2:33:40,9220,,0,2016.30,1,248,388,-140,19,ENE,8,N,,
2016,1-Jan,18-Apr,Boston,Buzenesh Deba,7,2:33:56,9236,,0,2016.30,1,248,388,-140,19,ENE,8,N,,
2017,1-Jan,17-Apr,Boston,Edna Kiplagat,1,2:21:52,8512,8749,1,2017.29,1,248,388,-140,22,WNW,17,N,,
2017,1-Jan,17-Apr,Boston,Rose Chelimo,2,2:22:51,8571,,1,2017.29,1,248,388,-140,22,WNW,17,N,,
2017,1-Jan,17-Apr,Boston,Jordan Hasay,3,2:23:00,8580,,1,2017.29,1,248,388,-140,22,WNW,17,N,,
2017,1-Jan,17-Apr,Boston,Desiree Linden,4,2:25:06,8706,,1,2017.29,1,248,388,-140,22,WNW,17,N,,
2017,1-Jan,17-Apr,Boston,Gladys Cherono,5,2:27:20,8840,,1,2017.29,1,248,388,-140,22,WNW,17,N,,
2017,1-Jan,17-Apr,Boston,Valentine Kipketer,6,2:29:35,8975,,1,2017.29,1,248,388,-140,22,WNW,17,N,,
2017,1-Jan,17-Apr,Boston,Buzenesh Deba,7,2:30:58,9058,,1,2017.29,1,248,388,-140,22,WNW,17,N,,
2018,1-Jan,16-Apr,Boston,Desiree Linden,1,2:39:54,9594,9862,1,2018.29,1,248,388,-140,6,NE,14,Y,,
2018,1-Jan,16-Apr,Boston,Sarah Sellers,2,2:44:04,9844,,1,2018.29,1,248,388,-140,6,NE,14,Y,,
2018,1-Jan,16-Apr,Boston,Krista Duchene,3,2:44:20,9860,,1,2018.29,1,248,388,-140,6,NE,14,Y,,
2018,1-Jan,16-Apr,Boston,Rachel Hyland,4,2:44:29,9869,,1,2018.29,1,248,388,-140,6,NE,14,Y,,
2018,1-Jan,16-Apr,Boston,Jessica Chichester,5,2:45:23,9923,,1,2018.29,1,248,388,-140,6,NE,14,Y,,
2018,1-Jan,16-Apr,Boston,Nicole Dimercurio,6,2:45:52,9952,,1,2018.29,1,248,388,-140,6,NE,14,Y,,
2018,1-Jan,16-Apr,Boston,Shalane Flanagan,7,2:46:31,9991,,1,2018.29,1,248,388,-140,6,NE,14,Y,,
2019,1-Jan,15-Apr,Boston,Worknesh Degefa,1,2:23:31,8611,8766,1,2019.29,1,248,388,-140,14,SSE,5,Y,,
2019,1-Jan,15-Apr,Boston,Edna Kiplagat,2,2:24:13,8653,,1,2019.29,1,248,388,-140,14,SSE,5,Y,,
2019,1-Jan,15-Apr,Boston,Jordan Hasay,3,2:25:20,8720,,1,2019.29,1,248,388,-140,14,SSE,5,Y,,
2019,1-Jan,15-Apr,Boston,Meskrem Assefa,4,2:25:40,8740,,1,2019.29,1,248,388,-140,14,SSE,5,Y,,
2019,1-Jan,15-Apr,Boston,Desiree Linden,5,2:27:00,8820,,1,2019.29,1,248,388,-140,14,SSE,5,Y,,
2019,1-Jan,15-Apr,Boston,Caroline Rotich,6,2:28:27,8907,,1,2019.29,1,248,388,-140,14,SSE,5,Y,,
2019,1-Jan,15-Apr,Boston,Mary Ngugi,7,2:28:33,8913,,1,2019.29,1,248,388,-140,14,SSE,5,Y,,
2021,1-Jan,11-Oct,Boston,Diana Kipyokei,1,2:24:45,8685,8758,1,2021.78,1,248,388,-140,16,NE,6,N,,
2021,1-Jan,11-Oct,Boston,Edna Kiplagat,2,2:25:09,8709,,1,2021.78,1,248,388,-140,16,NE,6,N,,
2021,1-Jan,11-Oct,Boston,Mary Ngugi,3,2:25:20,8720,,1,2021.78,1,248,388,-140,16,NE,6,N,,
2021,1-Jan,11-Oct,Boston,Monicah Ngige,4,2:25:32,8732,,1,2021.78,1,248,388,-140,16,NE,6,N,,
2021,1-Jan,11-Oct,Boston,Netsanet Gudeta,5,2:26:09,8769,,1,2021.78,1,248,388,-140,16,NE,6,N,,
2021,1-Jan,11-Oct,Boston,Nell Rojas,6,2:27:12,8832,,1,2021.78,1,248,388,-140,16,NE,6,N,,
2021,1-Jan,11-Oct,Boston,Worknesh Edesa,7,2:27:38,8858,,1,2021.78,1,248,388,-140,16,NE,6,N,,
2022,1-Jan,18-Apr,Boston,Peres Jepchirchir,1,2:21:01,8461,8537,1,2022.30,1,248,388,-140,8,NE,6,N,,
2022,1-Jan,18-Apr,Boston,Abadel Yashaneh,2,2:21:05,8465,,1,2022.30,1,248,388,-140,8,NE,6,N,,
2022,1-Jan,18-Apr,Boston,Mary Ngugi,3,2:21:32,8492,,1,2022.30,1,248,388,-140,8,NE,6,N,,
2022,1-Jan,18-Apr,Boston,Edna Kiplagat,4,2:21:40,8500,,1,2022.30,1,248,388,-140,8,NE,6,N,,
2022,1-Jan,18-Apr,Boston,Monicah Ngige,5,2:22:13,8533,,1,2022.30,1,248,388,-140,8,NE,6,N,,
2022,1-Jan,18-Apr,Boston,Viola Cheptoo,6,2:23:47,8627,,1,2022.30,1,248,388,-140,8,NE,6,N,,
2022,1-Jan,18-Apr,Boston,Joyciline Jepkosgei,7,2:24:43,8683,,1,2022.30,1,248,388,-140,8,NE,6,N,,
2023,1-Jan,17-Apr,Boston,Hellen Obiri,1,2:21:38,8498,8547,1,2023.29,1,248,388,-140,9,ENE,9,N,,
2023,1-Jan,17-Apr,Boston,Amane Deriso,2,2:21:50,8510,,1,2023.29,1,248,388,-140,9,ENE,9,N,,
2023,1-Jan,17-Apr,Boston,Lonah Salpeter,3,2:21:57,8517,,1,2023.29,1,248,388,-140,9,ENE,9,N,,
2023,1-Jan,17-Apr,Boston,Abadel Yeshaneh,4,2:22:00,8520,,1,2023.29,1,248,388,-140,9,ENE,9,N,,
2023,1-Jan,17-Apr,Boston,Emma Bates,5,2:22:10,8530,,1,2023.29,1,248,388,-140,9,ENE,9,N,,
2023,1-Jan,17-Apr,Boston,Nazret Weldu,6,2:23:25,8605,,1,2023.29,1,248,388,-140,9,ENE,9,N,,
2023,1-Jan,17-Apr,Boston,Angela Tanui,7,2:24:12,8652,,1,2023.29,1,248,388,-140,9,ENE,9,N,,
2024,1-Jan,15-Apr,Boston,Hellen Obiri,1,2:22:37,8557,8623,1,2024.29,1,248,388,-140,13,ESE,5,N,,
2024,1-Jan,15-Apr,Boston,Sharon Lokedi,2,2:22:45,8565,,1,2024.29,1,248,388,-140,13,ESE,5,N,,
2024,1-Jan,15-Apr,Boston,Edna Kiplagat,3,2:23:21,8601,,1,2024.29,1,248,388,-140,13,ESE,5,N,,
2024,1-Jan,15-Apr,Boston,Buze Diriba,4,2:24:04,8644,,1,2024.29,1,248,388,-140,13,ESE,5,N,,
2024,1-Jan,15-Apr,Boston,Senbere Teferi,5,2:24:04,8644,,1,2024.29,1,248,388,-140,13,ESE,5,N,,
2024,1-Jan,15-Apr,Boston,Mary Ngugi,6,2:24:24,8664,,1,2024.29,1,248,388,-140,13,ESE,5,N,,
2024,1-Jan,15-Apr,Boston,Worknesh Edesa,7,2:24:47,8687,,1,2024.29,1,248,388,-140,13,ESE,5,N,,
2010,1-Jan,25-Apr,London,Liliya Shobukhova,1,2:22:00,8520,8615,0,2010.32,1,127,161,-34,12,NE,5,N,,
2010,1-Jan,25-Apr,London,Inga Abitova,2,2:22:19,8539,,0,2010.32,1,127,161,-34,12,NE,5,N,,
2010,1-Jan,25-Apr,London,Aselefech Mergia,3,2:22:38,8558,,0,2010.32,1,127,161,-34,12,NE,5,N,,
2010,1-Jan,25-Apr,London,Bezunesh Bekele,4,2:23:17,8597,,0,2010.32,1,127,161,-34,12,NE,5,N,,
2010,1-Jan,25-Apr,London,Askale Tafa,5,2:24:39,8679,,0,2010.32,1,127,161,-34,12,NE,5,N,,
2010,1-Jan,25-Apr,London,Yukiko Akaba,6,2:24:55,8695,,0,2010.32,1,127,161,-34,12,NE,5,N,,
2010,1-Jan,25-Apr,London,Xue Bai,7,2:25:18,8718,,0,2010.32,1,127,161,-34,12,NE,5,N,,
2011,1-Jan,17-Apr,London,Mary Keitany,1,2:19:19,8359,8541,0,2011.29,1,127,161,-34,14,SW,2,N,,
2011,1-Jan,17-Apr,London,Liliya Shobukhova,2,2:20:15,8415,,0,2011.29,1,127,161,-34,14,SW,2,N,,
2011,1-Jan,17-Apr,London,Edna Kiplagat,3,2:20:46,8446,,0,2011.29,1,127,161,-34,14,SW,2,N,,
2011,1-Jan,17-Apr,London,Bezunesh Bekele,4,2:23:42,8622,,0,2011.29,1,127,161,-34,14,SW,2,N,,
2011,1-Jan,17-Apr,London,Atsede Baysa,5,2:23:50,8630,,0,2011.29,1,127,161,-34,14,SW,2,N,,
2011,1-Jan,17-Apr,London,Yukiko Akaba,6,2:24:09,8649,,0,2011.29,1,127,161,-34,14,SW,2,N,,
2011,1-Jan,17-Apr,London,Irina Miketenko,7,2:24:24,8664,,0,2011.29,1,127,161,-34,14,SW,2,N,,
2012,1-Jan,22-Apr,London,Mary Keitany,1,2:18:37,8317,8542,0,2012.31,1,127,161,-34,11,E,10,N,,
2012,1-Jan,22-Apr,London,Edna Kiplagat,2,2:19:50,8390,,0,2012.31,1,127,161,-34,11,E,10,N,,
2012,1-Jan,22-Apr,London,Priscah Jeptoo,3,2:20:57,8457,,0,2012.31,1,127,161,-34,11,E,10,N,,
2012,1-Jan,22-Apr,London,Florence Kiplagat,4,2:23:12,8592,,0,2012.31,1,127,161,-34,11,E,10,N,,
2012,1-Jan,22-Apr,London,Lucy Kabuu,5,2:24:04,8644,,0,2012.31,1,127,161,-34,11,E,10,N,,
2012,1-Jan,22-Apr,London,Aberu Kebede,6,2:24:53,8693,,0,2012.31,1,127,161,-34,11,E,10,N,,
2012,1-Jan,22-Apr,London,Irina Miketenko,7,2:24:59,8699,,0,2012.31,1,127,161,-34,11,E,10,N,,
2013,1-Jan,21-Apr,London,Priscah Jeptoo,1,2:20:15,8415,8685,0,2013.31,1,127,161,-34,9,E,5,N,,
2013,1-Jan,21-Apr,London,Edna Kiplagat,2,2:21:32,8492,,0,2013.31,1,127,161,-34,9,E,5,N,,
2013,1-Jan,21-Apr,London,Yukiko Akaba,3,2:24:43,8683,,0,2013.31,1,127,161,-34,9,E,5,N,,
2013,1-Jan,21-Apr,London,Atsede Baysa,4,2:25:14,8714,,0,2013.31,1,127,161,-34,9,E,5,N,,
2013,1-Jan,21-Apr,London,Meselech Melkamu,5,2:25:46,8746,,0,2013.31,1,127,161,-34,9,E,5,N,,
2013,1-Jan,21-Apr,London,Florence Kiplagat,6,2:27:05,8825,,0,2013.31,1,127,161,-34,9,E,5,N,,
2013,1-Jan,21-Apr,London,Mai Ito,7,2:28:37,8917,,0,2013.31,1,127,161,-34,9,E,5,N,,
2014,1-Jan,13-Apr,London,Edna Kiplagat,1,2:20:21,8421,8540,0,2014.28,1,127,161,-34,11,SW,9,N,,
2014,1-Jan,13-Apr,London,Florence Kiplagat,2,2:20:24,8424,,0,2014.28,1,127,161,-34,11,SW,9,N,,
2014,1-Jan,13-Apr,London,Tirunesh Dibaba,3,2:20:35,8435,,0,2014.28,1,127,161,-34,11,SW,9,N,,
2014,1-Jan,13-Apr,London,Feyse Tadese,4,2:21:42,8502,,0,2014.28,1,127,161,-34,11,SW,9,N,,
2014,1-Jan,13-Apr,London,Aberu Kebede,5,2:23:21,8601,,0,2014.28,1,127,161,-34,11,SW,9,N,,
2014,1-Jan,13-Apr,London,Jessica Augusto,6,2:24:25,8665,,0,2014.28,1,127,161,-34,11,SW,9,N,,
2014,1-Jan,13-Apr,London,Tetyana Gamera-Shmykro,7,2:25:30,8730,,0,2014.28,1,127,161,-34,11,SW,9,N,,
2015,1-Jan,26-Apr,London,Tigist Tufa,1,2:23:22,8602,8642,0,2015.32,1,127,161,-34,8,SW,11,N,,
2015,1-Jan,26-Apr,London,Mary Keitany,2,2:23:40,8620,,0,2015.32,1,127,161,-34,8,SW,11,N,,
2015,1-Jan,26-Apr,London,Tiri Tsedgaye,3,2:23:41,8621,,0,2015.32,1,127,161,-34,8,SW,11,N,,
2015,1-Jan,26-Apr,London,Aselefech Mergia,4,2:23:53,8633,,0,2015.32,1,127,161,-34,8,SW,11,N,,
2015,1-Jan,26-Apr,London,Florence Kiplagat,5,2:24:15,8655,,0,2015.32,1,127,161,-34,8,SW,11,N,,
2015,1-Jan,26-Apr,London,Jemima Jelagat Sumgong,6,2:24:23,8663,,0,2015.32,1,127,161,-34,8,SW,11,N,,
2015,1-Jan,26-Apr,London,Priscah Jeptoo,7,2:25:01,8701,,0,2015.32,1,127,161,-34,8,SW,11,N,,
2016,1-Jan,24-Apr,London,Jemima Jelagat Sumgong,1,2:22:28,8548,8625,0,2016.31,1,127,161,-34,7,SSE,11,N,,
2016,1-Jan,24-Apr,London,Tigist Tufa,2,2:23:03,8583,,0,2016.31,1,127,161,-34,7,SSE,11,N,,
2016,1-Jan,24-Apr,London,Florence Kiplagat,3,2:23:39,8619,,0,2016.31,1,127,161,-34,7,SSE,11,N,,
2016,1-Jan,24-Apr,London,Volha Mazuronak,4,2:23:54,8634,,0,2016.31,1,127,161,-34,7,SSE,11,N,,
2016,1-Jan,24-Apr,London,Aselefech Mergia,5,2:23:57,8637,,0,2016.31,1,127,161,-34,7,SSE,11,N,,
2016,1-Jan,24-Apr,London,Mare Dibaba,6,2:24:09,8649,,0,2016.31,1,127,161,-34,7,SSE,11,N,,
2016,1-Jan,24-Apr,London,Feyese Tadese,7,2:25:03,8703,,0,2016.31,1,127,161,-34,7,SSE,11,N,,
2017,1-Jan,23-Apr,London,Mary Keitany,1,2:17:01,8221,8558,1,2017.31,1,127,161,-34,12,NNE,7,N,,
2017,1-Jan,23-Apr,London,Tirunesh Dibaba,2,2:17:56,8276,,1,2017.31,1,127,161,-34,12,NNE,7,N,,
2017,1-Jan,23-Apr,London,Aselefech Mergia,3,2:23:08,8588,,1,2017.31,1,127,161,-34,12,NNE,7,N,,
2017,1-Jan,23-Apr,London,Vivian Cheruiyot,4,2:23:50,8630,,1,2017.31,1,127,161,-34,12,NNE,7,N,,
2017,1-Jan,23-Apr,London,Lisa Weightman,5,2:25:15,8715,,1,2017.31,1,127,161,-34,12,NNE,7,N,,
2017,1-Jan,23-Apr,London,Laura Thweat,6,2:25:38,8738,,1,2017.31,1,127,161,-34,12,NNE,7,N,,
2017,1-Jan,23-Apr,London,Helah Kiprop,7,2:25:39,8739,,1,2017.31,1,127,161,-34,12,NNE,7,N,,
2018,1-Jan,22-Apr,London,Vivian Cheruiyot,1,2:18:31,8311,8596,1,2018.31,1,127,161,-34,19,NE,12,N,,
2018,1-Jan,22-Apr,London,Bridig Kosgei,2,2:20:13,8413,,1,2018.31,1,127,161,-34,19,NE,12,N,,
2018,1-Jan,22-Apr,London,Tadelech Bekele,3,2:21:40,8500,,1,2018.31,1,127,161,-34,19,NE,12,N,,
2018,1-Jan,22-Apr,London,Gladys Cherono,4,2:24:10,8650,,1,2018.31,1,127,161,-34,19,NE,12,N,,
2018,1-Jan,22-Apr,London,Mary Keitany,5,2:24:27,8667,,1,2018.31,1,127,161,-34,19,NE,12,N,,
2018,1-Jan,22-Apr,London,Rose Chelimo,6,2:26:03,8763,,1,2018.31,1,127,161,-34,19,NE,12,N,,
2018,1-Jan,22-Apr,London,Mare Dibaba,7,2:27:45,8865,,1,2018.31,1,127,161,-34,19,NE,12,N,,
2019,1-Jan,28-Apr,London,Brigid Kosgei,1,2:18:20,8300,8473,1,2019.33,1,127,161,-34,11,SE,12,N,,
2019,1-Jan,28-Apr,London,Vivian Cheruiyot,2,2:20:14,8414,,1,2019.33,1,127,161,-34,11,SE,12,N,,
2019,1-Jan,28-Apr,London,Roza Dereje,3,2:20:51,8451,,1,2019.33,1,127,161,-34,11,SE,12,N,,
2019,1-Jan,28-Apr,London,Gladys Cherono,4,2:20:52,8452,,1,2019.33,1,127,161,-34,11,SE,12,N,,
2019,1-Jan,28-Apr,London,Mary Keitany,5,2:20:58,8458,,1,2019.33,1,127,161,-34,11,SE,12,N,,
2019,1-Jan,28-Apr,London,Emily Sisson,6,2:23:08,8588,,1,2019.33,1,127,161,-34,11,SE,12,N,,
2019,1-Jan,28-Apr,London,Sinead Diver,7,2:24:11,8651,,1,2019.33,1,127,161,-34,11,SE,12,N,,
2020,1-Jan,4-Oct,London,Brigid Kosgei,1,2:18:58,8338,8592,1,2020.76,1,127,161,-34,10,NE,15,N,,
2020,1-Jan,4-Oct,London,Sara Hall,2,2:22:01,8521,,1,2020.76,1,127,161,-34,10,NE,15,N,,
2020,1-Jan,4-Oct,London,Ruth Chepengetich,3,2:22:05,8525,,1,2020.76,1,127,161,-34,10,NE,15,N,,
2020,1-Jan,4-Oct,London,Ashete Bekere,4,2:22:51,8571,,1,2020.76,1,127,161,-34,10,NE,15,N,,
2020,1-Jan,4-Oct,London,Alemu Megertu,5,2:24:23,8663,,1,2020.76,1,127,161,-34,10,NE,15,N,,
2020,1-Jan,4-Oct,London,Molly Seidel,6,2:25:13,8713,,1,2020.76,1,127,161,-34,10,NE,15,N,,
2020,1-Jan,4-Oct,London,Gerda Steyn,7,2:26:51,8811,,1,2020.76,1,127,161,-34,10,NE,15,N,,
2021,1-Jan,3-Oct,London,Joyciline Jepkosgei,1,2:17:43,8263,8344,1,2021.76,1,127,161,-34,12,NE,6,N,,
2021,1-Jan,3-Oct,London,Degitu Azimeraw,2,2:17:58,8278,,1,2021.76,1,127,161,-34,12,NE,6,N,,
2021,1-Jan,3-Oct,London,Ashete Bekere,3,2:18:18,8298,,1,2021.76,1,127,161,-34,12,NE,6,N,,
2021,1-Jan,3-Oct,London,Brigid Kosgei,4,2:18:40,8320,,1,2021.76,1,127,161,-34,12,NE,6,N,,
2021,1-Jan,3-Oct,London,Lonah Salpeter,5,2:18:54,8334,,1,2021.76,1,127,161,-34,12,NE,6,N,,
2021,1-Jan,3-Oct,London,Valary Jemeli,6,2:20:35,8435,,1,2021.76,1,127,161,-34,12,NE,6,N,,
2021,1-Jan,3-Oct,London,Joan Chelimo Melly,7,2:21:23,8483,,1,2021.76,1,127,161,-34,12,NE,6,N,,
2022,1-Jan,2-Oct,London,Yalemzerf Yehualaw,1,2:17:26,8246,8332,1,2022.75,1,127,161,-34,14,ESE,7,Y,,
2022,1-Jan,2-Oct,London,Joyciline Jepkosgei,2,2:18:07,8287,,1,2022.75,1,127,161,-34,14,ESE,7,Y,,
2022,1-Jan,2-Oct,London,Alemu Megertu,3,2:18:32,8312,,1,2022.75,1,127,161,-34,14,ESE,7,Y,,
2022,1-Jan,2-Oct,London,Judith Jeptum Korir,4,2:18:43,8323,,1,2022.75,1,127,161,-34,14,ESE,7,Y,,
2022,1-Jan,2-Oct,London,Joan Chelimo Melly,5,2:19:27,8367,,1,2022.75,1,127,161,-34,14,ESE,7,Y,,
2022,1-Jan,2-Oct,London,Ashete Bekere,6,2:19:30,8370,,1,2022.75,1,127,161,-34,14,ESE,7,Y,,
2022,1-Jan,2-Oct,London,Mary Ngugi,7,2:20:22,8422,,1,2022.75,1,127,161,-34,14,ESE,7,Y,,
2023,1-Jan,23-Apr,London,Sifan Hassan,1,2:18:33,8313,8357,1,2023.31,1,127,161,-34,12,NE,7,N,,
2023,1-Jan,23-Apr,London,Alemu Megertu,2,2:18:37,8317,,1,2023.31,1,127,161,-34,12,NE,7,N,,
2023,1-Jan,23-Apr,London,Peres jepchirchir,3,2:18:38,8318,,1,2023.31,1,127,161,-34,12,NE,7,N,,
2023,1-Jan,23-Apr,London,Sheila Chepkirui,4,2:18:51,8331,,1,2023.31,1,127,161,-34,12,NE,7,N,,
2023,1-Jan,23-Apr,London,Yalemzerf Yehualaw,5,2:18:53,8333,,1,2023.31,1,127,161,-34,12,NE,7,N,,
2023,1-Jan,23-Apr,London,Judith Jeptum Korir,6,2:20:41,8441,,1,2023.31,1,127,161,-34,12,NE,7,N,,
2023,1-Jan,23-Apr,London,Almaz Ayana,7,2:20:44,8444,,1,2023.31,1,127,161,-34,12,NE,7,N,,
2024,1-Jan,21-Apr,London,Peres Jepchirchir,1,2:16:16,8176,8293,1,2024.31,1,127,161,-34,8,SSW,12,N,,
2024,1-Jan,21-Apr,London,Tigst Assefa,2,2:16:23,8183,,1,2024.31,1,127,161,-34,8,SSW,12,N,,
2024,1-Jan,21-Apr,London,Joyciline Jepkosgei,3,2:16:24,8184,,1,2024.31,1,127,161,-34,8,SSW,12,N,,
2024,1-Jan,21-Apr,London,Megertu Alemu,4,2:16:34,8194,,1,2024.31,1,127,161,-34,8,SSW,12,N,,
2024,1-Jan,21-Apr,London,Brigid Kosgei,5,2:19:02,8342,,1,2024.31,1,127,161,-34,8,SSW,12,N,,
2024,1-Jan,21-Apr,London,Sheila Chepkirui,6,2:19:31,8371,,1,2024.31,1,127,161,-34,8,SSW,12,N,,
2024,1-Jan,21-Apr,London,Tigist Ketema,7,2:23:21,8601,,1,2024.31,1,127,161,-34,8,SSW,12,N,,
2010,1-Jan,26-Sep,Berlin,Aberu Kebede,1,2:23:58,8638,8852,0,2010.74,1,73,79,-6,11,E,7,Y,,
2010,1-Jan,26-Sep,Berlin,Bezunesh Bekele,2,2:24:58,8698,,0,2010.74,1,73,79,-6,11,E,7,Y,,
2010,1-Jan,26-Sep,Berlin,Tomo Morimoto,3,2:26:10,8770,,0,2010.74,1,73,79,-6,11,E,7,Y,,
2010,1-Jan,26-Sep,Berlin,Sabrina Mockenhaupt,4,2:26:21,8781,,0,2010.74,1,73,79,-6,11,E,7,Y,,
2010,1-Jan,26-Sep,Berlin,Olena Burkovsa,5,2:28:31,8911,,0,2010.74,1,73,79,-6,11,E,7,Y,,
2010,1-Jan,26-Sep,Berlin,Adriana Pirtea,6,2:30:15,9015,,0,2010.74,1,73,79,-6,11,E,7,Y,,
2010,1-Jan,26-Sep,Berlin,Adriana Da Silva,7,2:32:30,9150,,0,2010.74,1,73,79,-6,11,E,7,Y,,
2011,1-Jan,25-Sep,Berlin,Florence Kiplagat,1,2:19:44,8384,8631,0,2011.73,1,73,79,-6,14,NW,6,N,,
2011,1-Jan,25-Sep,Berlin,Irina Miketenko,2,2:22:18,8538,,0,2011.73,1,73,79,-6,14,NW,6,N,,
2011,1-Jan,25-Sep,Berlin,Paula Radcliffe,3,2:23:46,8626,,0,2011.73,1,73,79,-6,14,NW,6,N,,
2011,1-Jan,25-Sep,Berlin,Atsede Habtamu,4,2:24:25,8665,,0,2011.73,1,73,79,-6,14,NW,6,N,,
2011,1-Jan,25-Sep,Berlin,Tatyana Petrova,5,2:25:01,8701,,0,2011.73,1,73,79,-6,14,NW,6,N,,
2011,1-Jan,25-Sep,Berlin,Anna Incerti,6,2:25:32,8732,,0,2011.73,1,73,79,-6,14,NW,6,N,,
2011,1-Jan,25-Sep,Berlin,Rosaria Console,7,2:26:10,8770,,0,2011.73,1,73,79,-6,14,NW,6,N,,
2012,1-Jan,30-Sep,Berlin,Aberu Kebede,1,2:20:30,8430,8699,0,2012.75,1,73,79,-6,12,E,11,N,,
2012,1-Jan,30-Sep,Berlin,Tirfi Tsegaye,2,2:21:19,8479,,0,2012.75,1,73,79,-6,12,E,11,N,,
2012,1-Jan,30-Sep,Berlin,Olena Shurhno,3,2:23:32,8612,,0,2012.75,1,73,79,-6,12,E,11,N,,
2012,1-Jan,30-Sep,Berlin,Flomena Chepchirchir,4,2:24:56,8696,,0,2012.75,1,73,79,-6,12,E,11,N,,
2012,1-Jan,30-Sep,Berlin,Fate Tola,5,2:25:14,8714,,0,2012.75,1,73,79,-6,12,E,11,N,,
2012,1-Jan,30-Sep,Berlin,Alevtina Biktimirova,6,2:28:45,8925,,0,2012.75,1,73,79,-6,12,E,11,N,,
2012,1-Jan,30-Sep,Berlin,Caroline Chepkwony,7,2:30:34,9034,,0,2012.75,1,73,79,-6,12,E,11,N,,
2013,1-Jan,29-Sep,Berlin,Florence Kiplagat,1,2:21:13,8473,8882,0,2013.74,1,73,79,-6,9,WSW,10,N,,
2013,1-Jan,29-Sep,Berlin,Sharon Cherop,2,2:22:28,8548,,0,2013.74,1,73,79,-6,9,WSW,10,N,,
2013,1-Jan,29-Sep,Berlin,Irina Miketenko,3,2:24:54,8694,,0,2013.74,1,73,79,-6,9,WSW,10,N,,
2013,1-Jan,29-Sep,Berlin,Helah Kiprop,4,2:28:02,8882,,0,2013.74,1,73,79,-6,9,WSW,10,N,,
2013,1-Jan,29-Sep,Berlin,Desiree Davila,5,2:29:15,8955,,0,2013.74,1,73,79,-6,9,WSW,10,N,,
2013,1-Jan,29-Sep,Berlin,Vianey de la Rosa,6,2:32:35,9155,,0,2013.74,1,73,79,-6,9,WSW,10,N,,
2013,1-Jan,29-Sep,Berlin,Eri Hayakawa,7,2:37:45,9465,,0,2013.74,1,73,79,-6,9,WSW,10,N,,
2014,1-Jan,28-Sep,Berlin,Tirfi Tsegaye,1,2:20:18,8418,8599,0,2014.74,1,73,79,-6,14,N,2,N,,
2014,1-Jan,28-Sep,Berlin,Feyse Tadese,2,2:20:27,8427,,0,2014.74,1,73,79,-6,14,N,2,N,,
2014,1-Jan,28-Sep,Berlin,Shalane Flanagan,3,2:21:14,8474,,0,2014.74,1,73,79,-6,14,N,2,N,,
2014,1-Jan,28-Sep,Berlin,Tadelech Bekele,4,2:23:02,8582,,0,2014.74,1,73,79,-6,14,N,2,N,,
2014,1-Jan,28-Sep,Berlin,Abebech Afework,5,2:25:02,8702,,0,2014.74,1,73,79,-6,14,N,2,N,,
2014,1-Jan,28-Sep,Berlin,Kayako Fukishi,6,2:26:25,8785,,0,2014.74,1,73,79,-6,14,N,2,N,,
2014,1-Jan,28-Sep,Berlin,Anna Hahner,7,2:26:44,8804,,0,2014.74,1,73,79,-6,14,N,2,N,,
2015,1-Jan,27-Sep,Berlin,Gladys Cherono,1,2:19:25,8365,8668,0,2015.74,1,73,79,-6,11,SSE,5,N,,
2015,1-Jan,27-Sep,Berlin,Aberu Kebede,2,2:20:48,8448,,0,2015.74,1,73,79,-6,11,SSE,5,N,,
2015,1-Jan,27-Sep,Berlin,Meseret Hailu,3,2:24:33,8673,,0,2015.74,1,73,79,-6,11,SSE,5,N,,
2015,1-Jan,27-Sep,Berlin,Tadelech Bekele,4,2:25:01,8701,,0,2015.74,1,73,79,-6,11,SSE,5,N,,
2015,1-Jan,27-Sep,Berlin,Andrea Deelstra,5,2:26:46,8806,,0,2015.74,1,73,79,-6,11,SSE,5,N,,
2015,1-Jan,27-Sep,Berlin,Maja Neuenschwander,6,2:26:49,8809,,0,2015.74,1,73,79,-6,11,SSE,5,N,,
2015,1-Jan,27-Sep,Berlin,Lisa Nemec,7,2:27:57,8877,,0,2015.74,1,73,79,-6,11,SSE,5,N,,
2016,1-Jan,25-Sep,Berlin,Aberu Kebede,1,2:20:45,8445,8844,1,2016.73,1,73,79,-6,14,NW,6,N,,
2016,1-Jan,25-Sep,Berlin,Birhane Dibaba,2,2:23:58,8638,,1,2016.73,1,73,79,-6,14,NW,6,N,,
2016,1-Jan,25-Sep,Berlin,Ruti Aga,3,2:24:41,8681,,1,2016.73,1,73,79,-6,14,NW,6,N,,
2016,1-Jan,25-Sep,Berlin,Reia Iwade,4,2:28:16,8896,,1,2016.73,1,73,79,-6,14,NW,6,N,,
2016,1-Jan,25-Sep,Berlin,Katharina Heinig,5,2:28:34,8914,,1,2016.73,1,73,79,-6,14,NW,6,N,,
2016,1-Jan,25-Sep,Berlin,Janet Ronoh,6,2:29:35,8975,,1,2016.73,1,73,79,-6,14,NW,6,N,,
2016,1-Jan,25-Sep,Berlin,Dolinin Elena,7,2:35:59,9359,,1,2016.73,1,73,79,-6,14,NW,6,N,,
2017,1-Jan,24-Sep,Berlin,Gladys Cherono,1,2:20:23,8423,8670,1,2017.73,1,73,79,-6,14,WSW,7,Y,,
2017,1-Jan,24-Sep,Berlin,Ruti Aga,2,2:20:41,8441,,1,2017.73,1,73,79,-6,14,WSW,7,Y,,
2017,1-Jan,24-Sep,Berlin,Valary Aiyabei,3,2:20:53,8453,,1,2017.73,1,73,79,-6,14,WSW,7,Y,,
2017,1-Jan,24-Sep,Berlin,Helen Tola,4,2:22:51,8571,,1,2017.73,1,73,79,-6,14,WSW,7,Y,,
2017,1-Jan,24-Sep,Berlin,Anna Hahner,5,2:28:32,8912,,1,2017.73,1,73,79,-6,14,WSW,7,Y,,
2017,1-Jan,24-Sep,Berlin,Catherine Bertone,6,2:28:34,8914,,1,2017.73,1,73,79,-6,14,WSW,7,Y,,
2017,1-Jan,24-Sep,Berlin,Sonia Samuels,7,2:29:34,8974,,1,2017.73,1,73,79,-6,14,WSW,7,Y,,
2018,1-Jan,16-Sep,Berlin,Gladys Cherono,1,2:18:11,8291,8465,1,2018.71,1,73,79,-6,16,NNE,6,N,,
2018,1-Jan,16-Sep,Berlin,Ruti Aga,2,2:18:34,8314,,1,2018.71,1,73,79,-6,16,NNE,6,N,,
2018,1-Jan,16-Sep,Berlin,Tirunesh Dibaba,3,2:18:55,8335,,1,2018.71,1,73,79,-6,16,NNE,6,N,,
2018,1-Jan,16-Sep,Berlin,Edna Kiplagat,4,2:21:18,8478,,1,2018.71,1,73,79,-6,16,NNE,6,N,,
2018,1-Jan,16-Sep,Berlin,Muzuki Matsuda,5,2:22:23,8543,,1,2018.71,1,73,79,-6,16,NNE,6,N,,
2018,1-Jan,16-Sep,Berlin,Helen Tola,6,2:22:48,8568,,1,2018.71,1,73,79,-6,16,NNE,6,N,,
2018,1-Jan,16-Sep,Berlin,Honami Maeda,7,2:25:23,8723,,1,2018.71,1,73,79,-6,16,NNE,6,N,,
2019,1-Jan,29-Sep,Berlin,Ashete Bekere,1,2:20:14,8414,8526,1,2019.74,1,73,79,-6,14,NE,11,Y,,
2019,1-Jan,29-Sep,Berlin,Mare Dibaba,2,2:20:21,8421,,1,2019.74,1,73,79,-6,14,NE,11,Y,,
2019,1-Jan,29-Sep,Berlin,Sally Chepyego,3,2:21:06,8466,,1,2019.74,1,73,79,-6,14,NE,11,Y,,
2019,1-Jan,29-Sep,Berlin,Helen Tola,4,2:21:36,8496,,1,2019.74,1,73,79,-6,14,NE,11,Y,,
2019,1-Jan,29-Sep,Berlin,Sara Hall,5,2:22:16,8536,,1,2019.74,1,73,79,-6,14,NE,11,Y,,
2019,1-Jan,29-Sep,Berlin,Melat Kejete,6,2:23:57,8637,,1,2019.74,1,73,79,-6,14,NE,11,Y,,
2019,1-Jan,29-Sep,Berlin,Sally Kipyego,7,2:25:10,8710,,1,2019.74,1,73,79,-6,14,NE,11,Y,,
2021,1-Jan,26-Sep,Berlin,Gotytom Gerbreslase,1,2:20:09,8409,8627,1,2021.74,1,73,79,-6,18,ESE,8,N,,
2021,1-Jan,26-Sep,Berlin,Hiwot Gebrekidan,2,2:21:23,8483,,1,2021.74,1,73,79,-6,18,ESE,8,N,,
2021,1-Jan,26-Sep,Berlin,Helen Tola,3,2:23:05,8585,,1,2021.74,1,73,79,-6,18,ESE,8,N,,
2021,1-Jan,26-Sep,Berlin,Edith Chelimo,4,2:24:33,8673,,1,2021.74,1,73,79,-6,18,ESE,8,N,,
2021,1-Jan,26-Sep,Berlin,Shure Demise,5,2:24:43,8683,,1,2021.74,1,73,79,-6,18,ESE,8,N,,
2021,1-Jan,26-Sep,Berlin,Fancy Chemutai,6,2:24:58,8698,,1,2021.74,1,73,79,-6,18,ESE,8,N,,
2021,1-Jan,26-Sep,Berlin,Izabela Paszkiewicz,7,2:27:41,8861,,1,2021.74,1,73,79,-6,18,ESE,8,N,,
2022,1-Jan,25-Sep,Berlin,Tigist Assefa,1,2:15:37,8137,8364,1,2022.73,1,73,79,-6,13,N,2,N,,
2022,1-Jan,25-Sep,Berlin,Rosemary Wanjiru,2,2:18:00,8280,,1,2022.73,1,73,79,-6,13,N,2,N,,
2022,1-Jan,25-Sep,Berlin,Tigist Abayechew,3,2:18:03,8283,,1,2022.73,1,73,79,-6,13,N,2,N,,
2022,1-Jan,25-Sep,Berlin,Worknesh Edesa,4,2:18:51,8331,,1,2022.73,1,73,79,-6,13,N,2,N,,
2022,1-Jan,25-Sep,Berlin,Sisay Meseret Gola,5,2:20:58,8458,,1,2022.73,1,73,79,-6,13,N,2,N,,
2022,1-Jan,25-Sep,Berlin,Ayuko Suziku,6,2:22:02,8522,,1,2022.73,1,73,79,-6,13,N,2,N,,
2022,1-Jan,25-Sep,Berlin,Sayaka Sato,7,2:22:14,8534,,1,2022.73,1,73,79,-6,13,N,2,N,,
2023,1-Jan,24-Sep,Berlin,Tigist Assefa,1,2:11:53,7913,8279,1,2023.73,1,73,79,-6,13,E,5,N,,
2023,1-Jan,24-Sep,Berlin,Sheila Chepkirui,2,2:17:49,8269,,1,2023.73,1,73,79,-6,13,E,5,N,,
2023,1-Jan,24-Sep,Berlin,Magdalena Shauri,3,2:18:41,8321,,1,2023.73,1,73,79,-6,13,E,5,N,,
2023,1-Jan,24-Sep,Berlin,Zeineba Yimer,4,2:19:07,8347,,1,2023.73,1,73,79,-6,13,E,5,N,,
2023,1-Jan,24-Sep,Berlin,Senbere Tefiri,5,2:19:21,8361,,1,2023.73,1,73,79,-6,13,E,5,N,,
2023,1-Jan,24-Sep,Berlin,Dera Dida,6,2:19:21,8361,,1,2023.73,1,73,79,-6,13,E,5,N,,
2023,1-Jan,24-Sep,Berlin,Workenesh Edesa,7,2:19:40,8380,,1,2023.73,1,73,79,-6,13,E,5,N,,
2024,1-Jan,29-Sep,Berlin,Tigist Ketema,1,2:16:42,8202,8378,1,2024.74,1,73,79,-6,9,E,8,N,,
2024,1-Jan,29-Sep,Berlin,Mestawot Fikir,2,2:18:48,8328,,1,2024.74,1,73,79,-6,9,E,8,N,,
2024,1-Jan,29-Sep,Berlin,Bosena Mulatie,3,2:19:00,8340,,1,2024.74,1,73,79,-6,9,E,8,N,,
2024,1-Jan,29-Sep,Berlin,Aberu Ayana Mulisa,4,2:20:20,8420,,1,2024.74,1,73,79,-6,9,E,8,N,,
2024,1-Jan,29-Sep,Berlin,Ai Hosoda,5,2:20:31,8431,,1,2024.74,1,73,79,-6,9,E,8,N,,
2024,1-Jan,29-Sep,Berlin,Mizuki Matsuda,6,2:20:42,8442,,1,2024.74,1,73,79,-6,9,E,8,N,,
2024,1-Jan,29-Sep,Berlin,Calli Hauger-Thackery,7,2:21:24,8484,,1,2024.74,1,73,79,-6,9,E,8,N,,
2010,1-Jan,10-Oct,Chicago,Liliya Shobukhova,1,2:20:25,8425,8727,0,2010.78,1,74,73,1,16,SE,1,N,,
2010,1-Jan,10-Oct,Chicago,Astede Baysa,2,2:23:40,8620,,0,2010.78,1,74,73,1,16,SE,1,N,,
2010,1-Jan,10-Oct,Chicago,Maria Konovalova,3,2:23:50,8630,,0,2010.78,1,74,73,1,16,SE,1,N,,
2010,1-Jan,10-Oct,Chicago,Desiree Davila,4,2:26:20,8780,,0,2010.78,1,74,73,1,16,SE,1,N,,
2010,1-Jan,10-Oct,Chicago,Irina Miketenko,5,2:26:40,8800,,0,2010.78,1,74,73,1,16,SE,1,N,,
2010,1-Jan,10-Oct,Chicago,Mamitu Daska,6,2:28:29,8909,,0,2010.78,1,74,73,1,16,SE,1,N,,
2010,1-Jan,10-Oct,Chicago,Magdalena Lewy-Boulet,7,2:28:44,8924,,0,2010.78,1,74,73,1,16,SE,1,N,,
2011,1-Jan,9-Oct,Chicago,Liliya Shobukhova,1,2:18:20,8300,8747,0,2011.77,1,74,73,1,15,W,2,N,,
2011,1-Jan,9-Oct,Chicago,Ejegayehu Dibaba,2,2:22:09,8529,,0,2011.77,1,74,73,1,15,W,2,N,,
2011,1-Jan,9-Oct,Chicago,Kayoko Fukushi,3,2:24:38,8678,,0,2011.77,1,74,73,1,15,W,2,N,,
2011,1-Jan,9-Oct,Chicago,Belainesh Zemedkun Gebre,4,2:26:17,8777,,0,2011.77,1,74,73,1,15,W,2,N,,
2011,1-Jan,9-Oct,Chicago,Christelle Daunay,5,2:26:41,8801,,0,2011.77,1,74,73,1,15,W,2,N,,
2011,1-Jan,9-Oct,Chicago,Claire Hallissey,6,2:29:27,8967,,0,2011.77,1,74,73,1,15,W,2,N,,
2011,1-Jan,9-Oct,Chicago,Yue Chao,7,2:32:57,9177,,0,2011.77,1,74,73,1,15,W,2,N,,
2012,1-Jan,7-Oct,Chicago,Atsede Bayasa,1,2:22:03,8523,8614,0,2012.77,1,74,73,1,4,SE,7,N,,
2012,1-Jan,7-Oct,Chicago,Rita Jeptoo,2,2:22:04,8524,,0,2012.77,1,74,73,1,4,SE,7,N,,
2012,1-Jan,7-Oct,Chicago,Lucy Kabuu,3,2:22:41,8561,,0,2012.77,1,74,73,1,4,SE,7,N,,
2012,1-Jan,7-Oct,Chicago,Liliya Shobukhova,4,2:22:59,8579,,0,2012.77,1,74,73,1,4,SE,7,N,,
2012,1-Jan,7-Oct,Chicago,Caroline Rotich,5,2:23:22,8602,,0,2012.77,1,74,73,1,4,SE,7,N,,
2012,1-Jan,7-Oct,Chicago,Maria Konovalova,6,2:25:38,8738,,0,2012.77,1,74,73,1,4,SE,7,N,,
2012,1-Jan,7-Oct,Chicago,Fatuma Sado,7,2:26:09,8769,,0,2012.77,1,74,73,1,4,SE,7,N,,
2013,1-Jan,13-Oct,Chicago,Rita Jeptoo,1,2:19:57,8397,8653,0,2013.78,1,74,73,1,9,SE,4,N,,
2013,1-Jan,13-Oct,Chicago,Jemima Jelagat Sumgong,2,2:20:48,8448,,0,2013.78,1,74,73,1,9,SE,4,N,,
2013,1-Jan,13-Oct,Chicago,Maria Konovalova,3,2:22:46,8566,,0,2013.78,1,74,73,1,9,SE,4,N,,
2013,1-Jan,13-Oct,Chicago,Aliaksandra Duliba,4,2:23:44,8624,,0,2013.78,1,74,73,1,9,SE,4,N,,
2013,1-Jan,13-Oct,Chicago,Atsede Bayasa,5,2:26:42,8802,,0,2013.78,1,74,73,1,9,SE,4,N,,
2013,1-Jan,13-Oct,Chicago,Ehitu Kiros Reda,6,2:27:42,8862,,0,2013.78,1,74,73,1,9,SE,4,N,,
2013,1-Jan,13-Oct,Chicago,Yukiko Akaba,7,2:27:49,8869,,0,2013.78,1,74,73,1,9,SE,4,N,,
2014,1-Jan,12-Oct,Chicago,Rita Jeptoo,1,2:24:35,8675,8874,0,2014.78,1,74,73,1,7,NW,6,N,,
2014,1-Jan,12-Oct,Chicago,Mare Dibaba,2,2:25:37,8737,,0,2014.78,1,74,73,1,7,NW,6,N,,
2014,1-Jan,12-Oct,Chicago,Florence Kiplagat,3,2:25:57,8757,,0,2014.78,1,74,73,1,7,NW,6,N,,
2014,1-Jan,12-Oct,Chicago,Birhane Dibaba,4,2:27:02,8822,,0,2014.78,1,74,73,1,7,NW,6,N,,
2014,1-Jan,12-Oct,Chicago,Amy Hastings,5,2:27:03,8823,,0,2014.78,1,74,73,1,7,NW,6,N,,
2014,1-Jan,12-Oct,Chicago,Clara Santucci,6,2:32:21,9141,,0,2014.78,1,74,73,1,7,NW,6,N,,
2014,1-Jan,12-Oct,Chicago,Sarah Crouch,7,2:32:44,9164,,0,2014.78,1,74,73,1,7,NW,6,N,,
2015,1-Jan,11-Oct,Chicago,Florence Kiplagat,1,2:23:33,8613,8689,0,2015.78,1,74,73,1,12,NNE,11,N,,
2015,1-Jan,11-Oct,Chicago,Yebrgual Melese,2,2:23:43,8623,,0,2015.78,1,74,73,1,12,NNE,11,N,,
2015,1-Jan,11-Oct,Chicago,Birhane Dibaba,3,2:24:24,8664,,0,2015.78,1,74,73,1,12,NNE,11,N,,
2015,1-Jan,11-Oct,Chicago,Kayoko Fukushi,4,2:24:25,8665,,0,2015.78,1,74,73,1,12,NNE,11,N,,
2015,1-Jan,11-Oct,Chicago,Mulu Seboka,5,2:24:40,8680,,0,2015.78,1,74,73,1,12,NNE,11,N,,
2015,1-Jan,11-Oct,Chicago,Meskerem Assefa,6,2:25:11,8711,,0,2015.78,1,74,73,1,12,NNE,11,N,,
2015,1-Jan,11-Oct,Chicago,Deena Kastor,7,2:27:47,8867,,0,2015.78,1,74,73,1,12,NNE,11,N,,
2016,1-Jan,9-Oct,Chicago,Florence Kiplagat,1,2:21:32,8492,8724,1,2016.77,1,74,73,1,11,W,8,N,,
2016,1-Jan,9-Oct,Chicago,Edna Kiplagat,2,2:23:28,8608,,1,2016.77,1,74,73,1,11,W,8,N,,
2016,1-Jan,9-Oct,Chicago,Valentine Kipketer,3,2:23:41,8621,,1,2016.77,1,74,73,1,11,W,8,N,,
2016,1-Jan,9-Oct,Chicago,Purity Rionoripo,4,2:24:47,8687,,1,2016.77,1,74,73,1,11,W,8,N,,
2016,1-Jan,9-Oct,Chicago,Yebrgual Melese,5,2:24:49,8689,,1,2016.77,1,74,73,1,11,W,8,N,,
2016,1-Jan,9-Oct,Chicago,Atsede Baysa,6,2:28:53,8933,,1,2016.77,1,74,73,1,11,W,8,N,,
2016,1-Jan,9-Oct,Chicago,Serena Burla,7,2:30:40,9040,,1,2016.77,1,74,73,1,11,W,8,N,,
2017,1-Jan,8-Oct,Chicago,Tirunesh Dibaba,1,2:18:31,8311,8701,1,2017.77,1,74,73,1,14,NNE,8,N,,
2017,1-Jan,8-Oct,Chicago,Brigid Kosgei,2,2:20:22,8422,,1,2017.77,1,74,73,1,14,NNE,8,N,,
2017,1-Jan,8-Oct,Chicago,Jordan Hasay,3,2:20:57,8457,,1,2017.77,1,74,73,1,14,NNE,8,N,,
2017,1-Jan,8-Oct,Chicago,Madai Perez,4,2:24:44,8684,,1,2017.77,1,74,73,1,14,NNE,8,N,,
2017,1-Jan,8-Oct,Chicago,Valentine Kipketer,5,2:28:05,8885,,1,2017.77,1,74,73,1,14,NNE,8,N,,
2017,1-Jan,8-Oct,Chicago,Lisa Weightman,6,2:28:45,8925,,1,2017.77,1,74,73,1,14,NNE,8,N,,
2017,1-Jan,8-Oct,Chicago,Maegan Krifchin,7,2:33:46,9226,,1,2017.77,1,74,73,1,14,NNE,8,N,,
2018,1-Jan,7-Oct,Chicago,Brigid Kosgei,1,2:18:35,8315,8787,1,2018.77,1,74,73,1,14,SW,7,N,,
2018,1-Jan,7-Oct,Chicago,Roza Dereje,2,2:21:18,8478,,1,2018.77,1,74,73,1,14,SW,7,N,,
2018,1-Jan,7-Oct,Chicago,Shure Demise,3,2:22:15,8535,,1,2018.77,1,74,73,1,14,SW,7,N,,
2018,1-Jan,7-Oct,Chicago,Florence Kiplagat,4,2:26:08,8768,,1,2018.77,1,74,73,1,14,SW,7,N,,
2018,1-Jan,7-Oct,Chicago,Veronicah Nyaruai,5,2:31:34,9094,,1,2018.77,1,74,73,1,14,SW,7,N,,
2018,1-Jan,7-Oct,Chicago,Sarah Crouch,6,2:32:37,9157,,1,2018.77,1,74,73,1,14,SW,7,N,,
2018,1-Jan,7-Oct,Chicago,Taylor Ward,7,2:32:42,9162,,1,2018.77,1,74,73,1,14,SW,7,N,,
2019,1-Jan,13-Oct,Chicago,Brigid Kosgei,1,2:14:04,8044,8606,1,2019.78,1,74,73,1,6,NE,11,N,,
2019,1-Jan,13-Oct,Chicago,Abadel Yeshaneh,2,2:20:51,8451,,1,2019.78,1,74,73,1,6,NE,11,N,,
2019,1-Jan,13-Oct,Chicago,Gelete Burka,3,2:20:55,8455,,1,2019.78,1,74,73,1,6,NE,11,N,,
2019,1-Jan,13-Oct,Chicago,Emma Bates,4,2:25:27,8727,,1,2019.78,1,74,73,1,6,NE,11,N,,
2019,1-Jan,13-Oct,Chicago,Fionnuala Mccormack ,5,2:26:47,8807,,1,2019.78,1,74,73,1,6,NE,11,N,,
2019,1-Jan,13-Oct,Chicago,Stephanie Bruce,6,2:27:47,8867,,1,2019.78,1,74,73,1,6,NE,11,N,,
2019,1-Jan,13-Oct,Chicago,Lindsay Flanagan,7,2:28:08,8888,,1,2019.78,1,74,73,1,6,NE,11,N,,
2021,1-Jan,10-Oct,Chicago,Ruth Chepngetich,1,2:22:31,8551,8862,1,2021.78,1,74,73,1,22,N,13,N,,
2021,1-Jan,10-Oct,Chicago,Emma Bates,2,2:24:20,8660,,1,2021.78,1,74,73,1,22,N,13,N,,
2021,1-Jan,10-Oct,Chicago,Sara Hall,3,2:27:19,8839,,1,2021.78,1,74,73,1,22,N,13,N,,
2021,1-Jan,10-Oct,Chicago,Kiera D'Amato,4,2:28:22,8902,,1,2021.78,1,74,73,1,22,N,13,N,,
2021,1-Jan,10-Oct,Chicago,Vivian Jerono Kiplagat,5,2:29:14,8954,,1,2021.78,1,74,73,1,22,N,13,N,,
2021,1-Jan,10-Oct,Chicago,Maegan Krifchin,6,2:30:17,9017,,1,2021.78,1,74,73,1,22,N,13,N,,
2021,1-Jan,10-Oct,Chicago,Carrie Verdon,7,2:31:51,9111,,1,2021.78,1,74,73,1,22,N,13,N,,
2022,1-Jan,9-Oct,Chicago,Ruth Chepngetich,1,2:14:18,8058,8491,1,2022.77,1,74,73,1,8,NW,9,N,,
2022,1-Jan,9-Oct,Chicago,Emily Sisson,2,2:18:29,8309,,1,2022.77,1,74,73,1,8,NW,9,N,,
2022,1-Jan,9-Oct,Chicago,Vivian Jerono Kiplagat,3,2:20:52,8452,,1,2022.77,1,74,73,1,8,NW,9,N,,
2022,1-Jan,9-Oct,Chicago,Ruti Aga Sora,4,2:21:41,8501,,1,2022.77,1,74,73,1,8,NW,9,N,,
2022,1-Jan,9-Oct,Chicago,Waganesh Mekasha Amare,5,2:23:41,8621,,1,2022.77,1,74,73,1,8,NW,9,N,,
2022,1-Jan,9-Oct,Chicago,Susanna Sullivan,6,2:25:14,8714,,1,2022.77,1,74,73,1,8,NW,9,N,,
2022,1-Jan,9-Oct,Chicago,Sara Vaughn,7,2:26:23,8783,,1,2022.77,1,74,73,1,8,NW,9,N,,
2023,1-Jan,8-Oct,Chicago,Sifan Hassan,1,2:13:44,8024,8296,1,2023.77,1,74,73,1,8,ESE,8,N,,
2023,1-Jan,8-Oct,Chicago,Ruth Chepngetich,2,2:15:37,8137,,1,2023.77,1,74,73,1,8,ESE,8,N,,
2023,1-Jan,8-Oct,Chicago,Megertu Alemu,3,2:17:09,8229,,1,2023.77,1,74,73,1,8,ESE,8,N,,
2023,1-Jan,8-Oct,Chicago,Joyciline Jepkosgei,4,2:17:23,8243,,1,2023.77,1,74,73,1,8,ESE,8,N,,
2023,1-Jan,8-Oct,Chicago,Tadu Teshome Nare,5,2:20:04,8404,,1,2023.77,1,74,73,1,8,ESE,8,N,,
2023,1-Jan,8-Oct,Chicago,Genzebe Dibaba Keneni,6,2:21:47,8507,,1,2023.77,1,74,73,1,8,ESE,8,N,,
2023,1-Jan,8-Oct,Chicago,Emily Sisson,7,2:22:09,8529,,1,2023.77,1,74,73,1,8,ESE,8,N,,
2024,1-Jan,13-Oct,Chicago,Ruth Chepngetich,1,2:09:56,7796,8309,1,2024.78,1,74,73,1,15,ESE,8,N,,
2024,1-Jan,13-Oct,Chicago,Sutume Asefa Kebede,2,2:17:32,8252,,1,2024.78,1,74,73,1,15,ESE,8,N,,
2024,1-Jan,13-Oct,Chicago,Irine Chaptai,3,2:17:51,8271,,1,2024.78,1,74,73,1,15,ESE,8,N,,
2024,1-Jan,13-Oct,Chicago,Buze Diriba Kejela,4,2:20:22,8422,,1,2024.78,1,74,73,1,15,ESE,8,N,,
2024,1-Jan,13-Oct,Chicago,Joyciline Jepkosgei,5,2:20:51,8451,,1,2024.78,1,74,73,1,15,ESE,8,N,,
2024,1-Jan,13-Oct,Chicago,Degitu Azimeraw,6,2:20:52,8452,,1,2024.78,1,74,73,1,15,ESE,8,N,,
2024,1-Jan,13-Oct,Chicago,Susanna Sullivan,7,2:21:56,8516,,1,2024.78,1,74,73,1,15,ESE,8,N,,
2010,1-Jan,7-Nov,New York,Edna Kiplagat,1,2:28:20,8900,8948,0,2010.85,1,246,251,-5,6,SE,9,N,,
2010,1-Jan,7-Nov,New York,Shalane Flanagan,2,2:28:40,8920,,0,2010.85,1,246,251,-5,6,SE,9,N,,
2010,1-Jan,7-Nov,New York,Mary Keitany,3,2:29:01,8941,,0,2010.85,1,246,251,-5,6,SE,9,N,,
2010,1-Jan,7-Nov,New York,Inga Abitova,4,2:29:17,8957,,0,2010.85,1,246,251,-5,6,SE,9,N,,
2010,1-Jan,7-Nov,New York,Kim Smith,5,2:29:28,8968,,0,2010.85,1,246,251,-5,6,SE,9,N,,
2010,1-Jan,7-Nov,New York,Christelle Duanay,6,2:29:29,8969,,0,2010.85,1,246,251,-5,6,SE,9,N,,
2010,1-Jan,7-Nov,New York,Ludmila Petrova,7,2:29:41,8981,,0,2010.85,1,246,251,-5,6,SE,9,N,,
2011,1-Jan,6-Nov,New York,Firehiwot Dado,1,2:23:15,8595,8697,0,2011.85,1,246,251,-5,9,ENE,8,N,,
2011,1-Jan,6-Nov,New York,Buzunesh Deba,2,2:23:19,8599,,0,2011.85,1,246,251,-5,9,ENE,8,N,,
2011,1-Jan,6-Nov,New York,Mary Keitany,3,2:23:38,8618,,0,2011.85,1,246,251,-5,9,ENE,8,N,,
2011,1-Jan,6-Nov,New York,Ana Dulce Felix,4,2:25:40,8740,,0,2011.85,1,246,251,-5,9,ENE,8,N,,
2011,1-Jan,6-Nov,New York,Kim Smith,5,2:25:46,8746,,0,2011.85,1,246,251,-5,9,ENE,8,N,,
2011,1-Jan,6-Nov,New York,Caroline Cheptonui Kilel,6,2:25:57,8757,,0,2011.85,1,246,251,-5,9,ENE,8,N,,
2011,1-Jan,6-Nov,New York,Caroline Rotich,7,2:27:06,8826,,0,2011.85,1,246,251,-5,9,ENE,8,N,,
2013,1-Jan,3-Nov,New York,Priscah Jeptoo,1,2:25:07,8707,8858,0,2013.84,1,246,251,-5,7,S,8,N,,
2013,1-Jan,3-Nov,New York,Buzunesh Deba,2,2:25:56,8756,,0,2013.84,1,246,251,-5,7,S,8,N,,
2013,1-Jan,3-Nov,New York,Jelena Prokopcuka,3,2:27:47,8867,,0,2013.84,1,246,251,-5,7,S,8,N,,
2013,1-Jan,3-Nov,New York,Christelle Daunay,4,2:28:14,8894,,0,2013.84,1,246,251,-5,7,S,8,N,,
2013,1-Jan,3-Nov,New York,Valeria Straneo,5,2:28:22,8902,,0,2013.84,1,246,251,-5,7,S,8,N,,
2013,1-Jan,3-Nov,New York,Kim Smith,6,2:28:49,8929,,0,2013.84,1,246,251,-5,7,S,8,N,,
2013,1-Jan,3-Nov,New York,Sabrina Mockenhaupt,7,2:29:10,8950,,0,2013.84,1,246,251,-5,7,S,8,N,,
2014,1-Jan,2-Nov,New York,Mary Keitany,1,2:25:07,8707,8807,0,2014.84,1,246,251,-5,7,SE,13,N,,
2014,1-Jan,2-Nov,New York,Jemima Jelagat Sumgong,2,2:25:10,8710,,0,2014.84,1,246,251,-5,7,SE,13,N,,
2014,1-Jan,2-Nov,New York,Sara Moreira,3,2:26:00,8760,,0,2014.84,1,246,251,-5,7,SE,13,N,,
2014,1-Jan,2-Nov,New York,Jelena Prokopcuka,4,2:26:15,8775,,0,2014.84,1,246,251,-5,7,SE,13,N,,
2014,1-Jan,2-Nov,New York,Desiree Linden,5,2:28:11,8891,,0,2014.84,1,246,251,-5,7,SE,13,N,,
2014,1-Jan,2-Nov,New York,Rkia El Moukim,6,2:28:12,8892,,0,2014.84,1,246,251,-5,7,SE,13,N,,
2014,1-Jan,2-Nov,New York,Firehiwot Dado,7,2:28:36,8916,,0,2014.84,1,246,251,-5,7,SE,13,N,,
2015,1-Jan,1-Nov,New York,Mary Keitany,1,2:24:25,8665,8778,0,2015.83,1,246,251,-5,15,NE,9,N,,
2015,1-Jan,1-Nov,New York,Aselefech Mergia,2,2:25:32,8732,,0,2015.83,1,246,251,-5,15,NE,9,N,,
2015,1-Jan,1-Nov,New York,Tigist Tufa,3,2:25:50,8750,,0,2015.83,1,246,251,-5,15,NE,9,N,,
2015,1-Jan,1-Nov,New York,Sara Moreira,4,2:25:53,8753,,0,2015.83,1,246,251,-5,15,NE,9,N,,
2015,1-Jan,1-Nov,New York,Christelle Duanay,5,2:26:57,8817,,0,2015.83,1,246,251,-5,15,NE,9,N,,
2015,1-Jan,1-Nov,New York,Priscah Jeptoo,6,2:27:03,8823,,0,2015.83,1,246,251,-5,15,NE,9,N,,
2015,1-Jan,1-Nov,New York,Laura Thweatt,7,2:28:23,8903,,0,2015.83,1,246,251,-5,15,NE,9,N,,
2016,1-Jan,6-Nov,New York,Mary Keitany,1,2:24:26,8666,9001,1,2016.85,1,246,251,-5,11,SE,8,N,,
2016,1-Jan,6-Nov,New York,Sally Kipyego,2,2:28:01,8881,,1,2016.85,1,246,251,-5,11,SE,8,N,,
2016,1-Jan,6-Nov,New York,Molly Huddle,3,2:28:13,8893,,1,2016.85,1,246,251,-5,11,SE,8,N,,
2016,1-Jan,6-Nov,New York,Joyce Chepkirui,4,2:29:08,8948,,1,2016.85,1,246,251,-5,11,SE,8,N,,
2016,1-Jan,6-Nov,New York,Diane Nukuri,5,2:33:04,9184,,1,2016.85,1,246,251,-5,11,SE,8,N,,
2016,1-Jan,6-Nov,New York,Aselefech Mergia,6,2:33:28,9208,,1,2016.85,1,246,251,-5,11,SE,8,N,,
2016,1-Jan,6-Nov,New York,Lanni Marchant,7,2:33:50,9230,,1,2016.85,1,246,251,-5,11,SE,8,N,,
2017,1-Jan,5-Nov,New York,Shalane Flanagan,1,2:26:53,8813,8927,1,2017.84,1,246,251,-5,15,SW,11,Y,,
2017,1-Jan,5-Nov,New York,Mary Keitany,2,2:27:54,8874,,1,2017.84,1,246,251,-5,15,SW,11,Y,,
2017,1-Jan,5-Nov,New York,Mamitu Daska,3,2:28:08,8888,,1,2017.84,1,246,251,-5,15,SW,11,Y,,
2017,1-Jan,5-Nov,New York,Edna Kiplagat,4,2:29:36,8976,,1,2017.84,1,246,251,-5,15,SW,11,Y,,
2017,1-Jan,5-Nov,New York,Allie Kieffer,5,2:29:39,8979,,1,2017.84,1,246,251,-5,15,SW,11,Y,,
2017,1-Jan,5-Nov,New York,Sara Dossena,6,2:29:39,8979,,1,2017.84,1,246,251,-5,15,SW,11,Y,,
2017,1-Jan,5-Nov,New York,Eva Vrabcova,7,2:29:41,8981,,1,2017.84,1,246,251,-5,15,SW,11,Y,,
2018,1-Jan,4-Nov,New York,Mary Keitany,1,2:22:48,8568,8787,1,2018.84,1,246,251,-5,11,E,7,N,,
2018,1-Jan,4-Nov,New York,Vivian Cheruiyot,2,2:26:02,8762,,1,2018.84,1,246,251,-5,11,E,7,N,,
2018,1-Jan,4-Nov,New York,Shalane Flanagan,3,2:26:22,8782,,1,2018.84,1,246,251,-5,11,E,7,N,,
2018,1-Jan,4-Nov,New York,Molly Huddle,4,2:26:44,8804,,1,2018.84,1,246,251,-5,11,E,7,N,,
2018,1-Jan,4-Nov,New York,Rahma Tusa,5,2:27:13,8833,,1,2018.84,1,246,251,-5,11,E,7,N,,
2018,1-Jan,4-Nov,New York,Desiree Linden,6,2:27:51,8871,,1,2018.84,1,246,251,-5,11,E,7,N,,
2018,1-Jan,4-Nov,New York,Allie Kieffer,7,2:28:12,8892,,1,2018.84,1,246,251,-5,11,E,7,N,,
2019,1-Jan,3-Nov,New York,Joyciline Jepkosgei,1,2:22:38,8558,8729,1,2019.84,1,246,251,-5,11,E,6,N,,
2019,1-Jan,3-Nov,New York,Mary Keitany,2,2:23:32,8612,,1,2019.84,1,246,251,-5,11,E,6,N,,
2019,1-Jan,3-Nov,New York,Ruti Aga Sora,3,2:25:51,8751,,1,2019.84,1,246,251,-5,11,E,6,N,,
2019,1-Jan,3-Nov,New York,Nancy Kiprop,4,2:26:21,8781,,1,2019.84,1,246,251,-5,11,E,6,N,,
2019,1-Jan,3-Nov,New York,Sinead Diver,5,2:26:23,8783,,1,2019.84,1,246,251,-5,11,E,6,N,,
2019,1-Jan,3-Nov,New York,Desiree Linden,6,2:26:46,8806,,1,2019.84,1,246,251,-5,11,E,6,N,,
2019,1-Jan,3-Nov,New York,Kallyn Taylor,7,2:26:52,8812,,1,2019.84,1,246,251,-5,11,E,6,N,,
2021,1-Jan,7-Nov,New York,Peres Jepchirchir,1,2:22:39,8559,8671,1,2021.85,1,246,251,-5,11,E,5,N,,
2021,1-Jan,7-Nov,New York,Viola Cheptoo,2,2:22:44,8564,,1,2021.85,1,246,251,-5,11,E,5,N,,
2021,1-Jan,7-Nov,New York,Ababel Yeshaneh,3,2:22:52,8572,,1,2021.85,1,246,251,-5,11,E,5,N,,
2021,1-Jan,7-Nov,New York,Molly Seidel,4,2:24:42,8682,,1,2021.85,1,246,251,-5,11,E,5,N,,
2021,1-Jan,7-Nov,New York,Helalia Johannes,5,2:26:09,8769,,1,2021.85,1,246,251,-5,11,E,5,N,,
2021,1-Jan,7-Nov,New York,Kellyn Taylor,6,2:26:10,8770,,1,2021.85,1,246,251,-5,11,E,5,N,,
2021,1-Jan,7-Nov,New York,Annie Frisbie,7,2:26:18,8778,,1,2021.85,1,246,251,-5,11,E,5,N,,
2022,1-Jan,6-Nov,New York,Sharon Lokedi,1,2:23:23,8603,8678,1,2022.85,1,246,251,-5,22,N,8,N,,
2022,1-Jan,6-Nov,New York,Lonah Chemptai Salpeter,2,2:23:30,8610,,1,2022.85,1,246,251,-5,22,N,8,N,,
2022,1-Jan,6-Nov,New York,Gotytom Gebreslase,3,2:23:39,8619,,1,2022.85,1,246,251,-5,22,N,8,N,,
2022,1-Jan,6-Nov,New York,Edna Kiplagat,4,2:24:16,8656,,1,2022.85,1,246,251,-5,22,N,8,N,,
2022,1-Jan,6-Nov,New York,Viola Cheptoo,5,2:25:34,8734,,1,2022.85,1,246,251,-5,22,N,8,N,,
2022,1-Jan,6-Nov,New York,Hellen Obiri,6,2:25:49,8749,,1,2022.85,1,246,251,-5,22,N,8,N,,
2022,1-Jan,6-Nov,New York,Aliphine Tulimuk,7,2:26:18,8778,,1,2022.85,1,246,251,-5,22,N,8,N,,
2023,1-Jan,5-Nov,New York,Hellen Obiri,1,2:27:23,8843,8879,1,2023.84,1,246,251,-5,13,ENE,5,N,,
2023,1-Jan,5-Nov,New York,Letesenbet Gidey,2,2:27:29,8849,,1,2023.84,1,246,251,-5,13,ENE,5,N,,
2023,1-Jan,5-Nov,New York,Sharon Lokedi,3,2:27:33,8853,,1,2023.84,1,246,251,-5,13,ENE,5,N,,
2023,1-Jan,5-Nov,New York,Brigid Kosgei,4,2:27:45,8865,,1,2023.84,1,246,251,-5,13,ENE,5,N,,
2023,1-Jan,5-Nov,New York,Mary Ngugi,5,2:27:53,8873,,1,2023.84,1,246,251,-5,13,ENE,5,N,,
2023,1-Jan,5-Nov,New York,Viola Cheptoo,6,2:28:11,8891,,1,2023.84,1,246,251,-5,13,ENE,5,N,,
2023,1-Jan,5-Nov,New York,Edna Kiplagat,7,2:29:40,8980,,1,2023.84,1,246,251,-5,13,ENE,5,N,,
2024,1-Jan,3-Nov,New York,Sheila Chepkirui,1,2:24:35,8675,8755,1,2024.84,1,246,251,-5,6,SW,12,N,,
2024,1-Jan,3-Nov,New York,Hellen Obiri,2,2:24:49,8689,,1,2024.84,1,246,251,-5,6,SW,12,N,,
2024,1-Jan,3-Nov,New York,Vivian Cheruiyot,3,2:25:21,8721,,1,2024.84,1,246,251,-5,6,SW,12,N,,
2024,1-Jan,3-Nov,New York,Eunice Chumba,4,2:25:58,8758,,1,2024.84,1,246,251,-5,6,SW,12,N,,
2024,1-Jan,3-Nov,New York,Fabienne Shlumpf,5,2:26:31,8791,,1,2024.84,1,246,251,-5,6,SW,12,N,,
2024,1-Jan,3-Nov,New York,Sara Vaughn,6,2:26:56,8816,,1,2024.84,1,246,251,-5,6,SW,12,N,,
2024,1-Jan,3-Nov,New York,Senbere Teferi,7,2:27:14,8834,,1,2024.84,1,246,251,-5,6,SW,12,N,,